직무,회사명,시도,시군구,스택,분류
소프트웨어 엔지니어,엔터플,서울,영등포구,Github,개발 도구
소프트웨어 엔지니어,엔터플,서울,영등포구,Linux,운영체제
소프트웨어 엔지니어,엔터플,서울,영등포구,Java,프로그래밍 언어
소프트웨어 엔지니어,엔터플,서울,영등포구,JavaScript,프로그래밍 언어
소프트웨어 엔지니어,엔터플,서울,영등포구,C,프로그래밍 언어
소프트웨어 엔지니어,엔터플,서울,영등포구,AWS,인프라
소프트웨어 엔지니어,엔터플,서울,영등포구,C++,프로그래밍 언어
소프트웨어 엔지니어,엔터플,서울,영등포구,ElasticSearch,인프라
소프트웨어 엔지니어,팀프레시,서울,강남구,iOS,운영체제
소프트웨어 엔지니어,팀프레시,서울,강남구,Swift,프로그래밍 언어
소프트웨어 엔지니어,웨이즈원,경기,성남시,Java,프로그래밍 언어
소프트웨어 엔지니어,웨이즈원,경기,성남시,Python,프로그래밍 언어
소프트웨어 엔지니어,웨이즈원,경기,성남시,AWS,인프라
소프트웨어 엔지니어,에스티피씨,경기,성남시,Github,개발 도구
소프트웨어 엔지니어,에스티피씨,경기,성남시,Linux,운영체제
소프트웨어 엔지니어,에스티피씨,경기,성남시,Python,프로그래밍 언어
소프트웨어 엔지니어,에스티피씨,경기,성남시,C++,프로그래밍 언어
소프트웨어 엔지니어,아트라미,대구,남구,Java,프로그래밍 언어
소프트웨어 엔지니어,아트라미,대구,남구,JavaScript,프로그래밍 언어
소프트웨어 엔지니어,아트라미,대구,남구,PHP,프로그래밍 언어
소프트웨어 엔지니어,아트라미,대구,남구,Python,프로그래밍 언어
소프트웨어 엔지니어,아트라미,대구,남구,AWS,인프라
소프트웨어 엔지니어,아트라미,대구,남구,PostgreSQL,데이터베이스
소프트웨어 엔지니어,에프에이솔루션,서울,영등포구,Linux,운영체제
소프트웨어 엔지니어,에프에이솔루션,서울,영등포구,Java,프로그래밍 언어
소프트웨어 엔지니어,에프에이솔루션,서울,영등포구,JavaScript,프로그래밍 언어
소프트웨어 엔지니어,비트센싱,경기,성남시,C#,프로그래밍 언어
소프트웨어 엔지니어,비트센싱,경기,성남시,Python,프로그래밍 언어
소프트웨어 엔지니어,비트센싱,경기,성남시,C,프로그래밍 언어
소프트웨어 엔지니어,아콘소프트,서울,강남구,Linux,운영체제
소프트웨어 엔지니어,브릿지코드,서울,영등포구,JavaScript,프로그래밍 언어
소프트웨어 엔지니어,브릿지코드,서울,영등포구,Blockchain,인공지능 및 블록체인 관련 개념
소프트웨어 엔지니어,브릿지코드,서울,영등포구,AWS,인프라
소프트웨어 엔지니어,모니터랩,서울,구로구,Linux,운영체제
소프트웨어 엔지니어,다임리서치,서울,서초구,.NET,프로그래밍 언어
소프트웨어 엔지니어,다임리서치,서울,서초구,Pytorch,라이브러리
소프트웨어 엔지니어,다임리서치,서울,서초구,C#,프로그래밍 언어
소프트웨어 엔지니어,다임리서치,서울,서초구,Java,프로그래밍 언어
소프트웨어 엔지니어,다임리서치,서울,서초구,JavaScript,프로그래밍 언어
소프트웨어 엔지니어,다임리서치,서울,서초구,Python,프로그래밍 언어
소프트웨어 엔지니어,다임리서치,서울,서초구,C++,프로그래밍 언어
소프트웨어 엔지니어,다임리서치,서울,서초구,PostgreSQL,데이터베이스
소프트웨어 엔지니어,플러스파크,서울,서초구,Java,프로그래밍 언어
소프트웨어 엔지니어,플러스파크,서울,서초구,JavaScript,프로그래밍 언어
소프트웨어 엔지니어,플러스파크,서울,서초구,PostgreSQL,데이터베이스
소프트웨어 엔지니어,데이원컴퍼니,서울,강남구,Github,개발 도구
소프트웨어 엔지니어,데이원컴퍼니,서울,강남구,JavaScript,프로그래밍 언어
소프트웨어 엔지니어,에이엠텔레콤,경기,성남시,Linux,운영체제
소프트웨어 엔지니어,에이엠텔레콤,경기,성남시,Python,프로그래밍 언어
소프트웨어 엔지니어,하이보,서울,서초구,Linux,운영체제
소프트웨어 엔지니어,하이보,서울,서초구,Python,프로그래밍 언어
소프트웨어 엔지니어,이엘피,경기,화성시,C#,프로그래밍 언어
소프트웨어 엔지니어,더블유지에스,경기,수원시,OpenCV,라이브러리
소프트웨어 엔지니어,이엘피,경기,화성시,C#,프로그래밍 언어
소프트웨어 엔지니어,기웅정보통신,서울,금천구,Linux,운영체제
소프트웨어 엔지니어,기웅정보통신,서울,금천구,MySQL,데이터베이스
소프트웨어 엔지니어,기웅정보통신,서울,금천구,C#,프로그래밍 언어
소프트웨어 엔지니어,기웅정보통신,서울,금천구,Java,프로그래밍 언어
소프트웨어 엔지니어,기웅정보통신,서울,금천구,C,프로그래밍 언어
소프트웨어 엔지니어,에이프리카,서울,금천구,Linux,운영체제
소프트웨어 엔지니어,알세미,서울,강남구,JavaScript,프로그래밍 언어
소프트웨어 엔지니어,알세미,서울,강남구,Python,프로그래밍 언어
소프트웨어 엔지니어,알세미,서울,강남구,C,프로그래밍 언어
소프트웨어 엔지니어,알세미,서울,강남구,C++,프로그래밍 언어
소프트웨어 엔지니어,알세미,서울,강남구,JavaScript,프로그래밍 언어
소프트웨어 엔지니어,알세미,서울,강남구,Python,프로그래밍 언어
소프트웨어 엔지니어,알세미,서울,강남구,C,프로그래밍 언어
소프트웨어 엔지니어,알세미,서울,강남구,C++,프로그래밍 언어
소프트웨어 엔지니어,파트리지시스템즈,서울,강남구,Linux,운영체제
소프트웨어 엔지니어,파트리지시스템즈,서울,강남구,MySQL,데이터베이스
소프트웨어 엔지니어,파트리지시스템즈,서울,강남구,Linux,운영체제
소프트웨어 엔지니어,파트리지시스템즈,서울,강남구,MySQL,데이터베이스
소프트웨어 엔지니어,에스오에스랩(SO,경기,용인시,Linux,운영체제
소프트웨어 엔지니어,에스오에스랩(SO,경기,용인시,Python,프로그래밍 언어
소프트웨어 엔지니어,에스오에스랩(SO,경기,용인시,C++,프로그래밍 언어
소프트웨어 엔지니어,오케이포스,서울,강남구,iOS,운영체제
소프트웨어 엔지니어,오케이포스,서울,강남구,Swift,프로그래밍 언어
웹 개발자,팀프레시,서울,강남구,iOS,운영체제
웹 개발자,팀프레시,서울,강남구,Swift,프로그래밍 언어
웹 개발자,웨이즈원,경기,성남시,Java,프로그래밍 언어
웹 개발자,웨이즈원,경기,성남시,Python,프로그래밍 언어
웹 개발자,웨이즈원,경기,성남시,AWS,인프라
웹 개발자,아트라미,대구,남구,Java,프로그래밍 언어
웹 개발자,아트라미,대구,남구,JavaScript,프로그래밍 언어
웹 개발자,아트라미,대구,남구,PHP,프로그래밍 언어
웹 개발자,아트라미,대구,남구,Python,프로그래밍 언어
웹 개발자,아트라미,대구,남구,AWS,인프라
웹 개발자,아트라미,대구,남구,PostgreSQL,데이터베이스
웹 개발자,아트라미,대구,남구,Java,프로그래밍 언어
웹 개발자,아트라미,대구,남구,JavaScript,프로그래밍 언어
웹 개발자,아트라미,대구,남구,PHP,프로그래밍 언어
웹 개발자,아트라미,대구,남구,Python,프로그래밍 언어
웹 개발자,아트라미,대구,남구,AWS,인프라
웹 개발자,아트라미,대구,남구,PostgreSQL,데이터베이스
웹 개발자,오엠티아이코리아,서울,서초구,JavaScript,프로그래밍 언어
웹 개발자,오엠티아이코리아,서울,서초구,jQuery,라이브러리
웹 개발자,오엠티아이코리아,서울,서초구,HTML5,프로그래밍 언어
웹 개발자,브릿지코드,서울,영등포구,JavaScript,프로그래밍 언어
웹 개발자,브릿지코드,서울,영등포구,Blockchain,인공지능 및 블록체인 관련 개념
웹 개발자,브릿지코드,서울,영등포구,AWS,인프라
웹 개발자,모니터랩,서울,구로구,Linux,운영체제
웹 개발자,모니터랩,서울,구로구,Linux,운영체제
웹 개발자,데이원컴퍼니,서울,강남구,Github,개발 도구
웹 개발자,데이원컴퍼니,서울,강남구,JavaScript,프로그래밍 언어
웹 개발자,스파이더크래프트,서울,강남구,MySQL,데이터베이스
웹 개발자,스파이더크래프트,서울,강남구,PHP,프로그래밍 언어
웹 개발자,어크로스비,서울,서초구,AWS,인프라
웹 개발자,엘리오앤컴퍼니,서울,강남구,C#,프로그래밍 언어
웹 개발자,엘리오앤컴퍼니,서울,강남구,Java,프로그래밍 언어
웹 개발자,토스뱅크,서울,강남구,Github,개발 도구
웹 개발자,토스뱅크,서울,강남구,Linux,운영체제
웹 개발자,토스뱅크,서울,강남구,Redis,데이터베이스
웹 개발자,토스뱅크,서울,강남구,Java,프로그래밍 언어
웹 개발자,토스뱅크,서울,강남구,JavaScript,프로그래밍 언어
웹 개발자,인포유앤컴퍼니,서울,성동구,MySQL,데이터베이스
웹 개발자,인포유앤컴퍼니,서울,성동구,JavaScript,프로그래밍 언어
웹 개발자,엠클라우독,서울,강남구,MySQL,데이터베이스
웹 개발자,엠클라우독,서울,강남구,Java,프로그래밍 언어
웹 개발자,엠클라우독,서울,강남구,JavaScript,프로그래밍 언어
웹 개발자,엠클라우독,서울,강남구,Swift,프로그래밍 언어
웹 개발자,그린랩스,서울,송파구,Github,개발 도구
웹 개발자,그린랩스,서울,송파구,MySQL,데이터베이스
웹 개발자,그린랩스,서울,송파구,JavaScript,프로그래밍 언어
웹 개발자,그린랩스,서울,송파구,Python,프로그래밍 언어
웹 개발자,그린랩스,서울,송파구,AWS,인프라
웹 개발자,클러스터지원그룹,경기,군포시,Linux,운영체제
웹 개발자,클러스터지원그룹,경기,군포시,MySQL,데이터베이스
웹 개발자,클러스터지원그룹,경기,군포시,JavaScript,프로그래밍 언어
웹 개발자,클러스터지원그룹,경기,군포시,C,프로그래밍 언어
웹 개발자,클러스터지원그룹,경기,군포시,AWS,인프라
웹 개발자,클러스터지원그룹,경기,군포시,Linux,운영체제
웹 개발자,클러스터지원그룹,경기,군포시,MySQL,데이터베이스
웹 개발자,클러스터지원그룹,경기,군포시,JavaScript,프로그래밍 언어
웹 개발자,클러스터지원그룹,경기,군포시,C,프로그래밍 언어
웹 개발자,클러스터지원그룹,경기,군포시,AWS,인프라
웹 개발자,이글로벌시스템,서울,강남구,Linux,운영체제
웹 개발자,이글로벌시스템,서울,강남구,Java,프로그래밍 언어
웹 개발자,위티,서울,동대문구,MySQL,데이터베이스
웹 개발자,세포아소프트,서울,서초구,MySQL,데이터베이스
웹 개발자,세포아소프트,서울,서초구,Java,프로그래밍 언어
웹 개발자,세포아소프트,서울,서초구,JavaScript,프로그래밍 언어
웹 개발자,세포아소프트,서울,서초구,Python,프로그래밍 언어
웹 개발자,세포아소프트,서울,서초구,AWS,인프라
웹 개발자,세포아소프트,서울,서초구,jQuery,라이브러리
웹 개발자,세포아소프트,서울,서초구,HTML5,프로그래밍 언어
웹 개발자,에이엠텔레콤,경기,성남시,Linux,운영체제
웹 개발자,에이엠텔레콤,경기,성남시,Python,프로그래밍 언어
웹 개발자,엣지크로스,서울,금천구,AWS,인프라
웹 개발자,스탠바이랩,서울,강남구,Java,프로그래밍 언어
웹 개발자,스탠바이랩,서울,강남구,JavaScript,프로그래밍 언어
웹 개발자,스탠바이랩,서울,강남구,AWS,인프라
웹 개발자,스탠바이랩,서울,강남구,HTML5,프로그래밍 언어
웹 개발자,알엔알(RNR),서울,성동구,Linux,운영체제
웹 개발자,알엔알(RNR),서울,성동구,JavaScript,프로그래밍 언어
웹 개발자,알엔알(RNR),서울,성동구,PHP,프로그래밍 언어
웹 개발자,알엔알(RNR),서울,성동구,AWS,인프라
웹 개발자,알엔알(RNR),서울,성동구,HTML5,프로그래밍 언어
웹 개발자,투인피니티,서울,강남구,JavaScript,프로그래밍 언어
웹 개발자,스탠바이랩,서울,강남구,Java,프로그래밍 언어
웹 개발자,스탠바이랩,서울,강남구,JavaScript,프로그래밍 언어
웹 개발자,스탠바이랩,서울,강남구,AWS,인프라
웹 개발자,스탠바이랩,서울,강남구,HTML5,프로그래밍 언어
웹 개발자,스탠바이랩,서울,강남구,Java,프로그래밍 언어
웹 개발자,스탠바이랩,서울,강남구,JavaScript,프로그래밍 언어
웹 개발자,스탠바이랩,서울,강남구,AWS,인프라
웹 개발자,스탠바이랩,서울,강남구,HTML5,프로그래밍 언어
웹 개발자,에스지에이솔루션즈,서울,송파구,JavaScript,프로그래밍 언어
웹 개발자,제이앤피메디(JNPMEDI),인천,연수구,MySQL,데이터베이스
웹 개발자,제이앤피메디(JNPMEDI),인천,연수구,AWS,인프라
웹 개발자,제이앤피메디(JNPMEDI),인천,연수구,MySQL,데이터베이스
웹 개발자,제이앤피메디(JNPMEDI),인천,연수구,AWS,인프라
웹 개발자,제이앤피메디(JNPMEDI),인천,연수구,MySQL,데이터베이스
웹 개발자,제이앤피메디(JNPMEDI),인천,연수구,AWS,인프라
서버 개발자,반려생활,서울,중구,Linux,운영체제
서버 개발자,반려생활,서울,중구,MySQL,데이터베이스
서버 개발자,반려생활,서울,중구,PHP,프로그래밍 언어
서버 개발자,반려생활,서울,중구,AWS,인프라
서버 개발자,웨이즈원,경기,성남시,Java,프로그래밍 언어
서버 개발자,웨이즈원,경기,성남시,Python,프로그래밍 언어
서버 개발자,웨이즈원,경기,성남시,AWS,인프라
서버 개발자,스탬퍼,서울,강남구,Linux,운영체제
서버 개발자,스탬퍼,서울,강남구,MySQL,데이터베이스
서버 개발자,스탬퍼,서울,강남구,AWS,인프라
서버 개발자,스탬퍼,서울,강남구,PostgreSQL,데이터베이스
서버 개발자,큐브리드,서울,강남구,Linux,운영체제
서버 개발자,큐브리드,서울,강남구,Java,프로그래밍 언어
서버 개발자,오엠티아이코리아,서울,서초구,JavaScript,프로그래밍 언어
서버 개발자,오엠티아이코리아,서울,서초구,jQuery,라이브러리
서버 개발자,오엠티아이코리아,서울,서초구,HTML5,프로그래밍 언어
서버 개발자,모니터랩,서울,구로구,Linux,운영체제
서버 개발자,바로저축은행,서울,강남구,Linux,운영체제
서버 개발자,바로저축은행,서울,강남구,JavaScript,프로그래밍 언어
서버 개발자,바로저축은행,서울,강남구,PHP,프로그래밍 언어
서버 개발자,바로저축은행,서울,강남구,Python,프로그래밍 언어
서버 개발자,쿼드마이너,서울,강남구,Linux,운영체제
서버 개발자,스파이더크래프트,서울,강남구,MySQL,데이터베이스
서버 개발자,스파이더크래프트,서울,강남구,PHP,프로그래밍 언어
서버 개발자,기웅정보통신,서울,금천구,Linux,운영체제
서버 개발자,기웅정보통신,서울,금천구,MySQL,데이터베이스
서버 개발자,기웅정보통신,서울,금천구,C#,프로그래밍 언어
서버 개발자,기웅정보통신,서울,금천구,Java,프로그래밍 언어
서버 개발자,기웅정보통신,서울,금천구,C,프로그래밍 언어
서버 개발자,어크로스비,서울,서초구,AWS,인프라
서버 개발자,언리저브,서울,강남구,Linux,운영체제
서버 개발자,언리저브,서울,강남구,Pytorch,라이브러리
서버 개발자,언리저브,서울,강남구,C#,프로그래밍 언어
서버 개발자,언리저브,서울,강남구,Java,프로그래밍 언어
서버 개발자,언리저브,서울,강남구,Python,프로그래밍 언어
서버 개발자,토스뱅크,서울,강남구,Github,개발 도구
서버 개발자,토스뱅크,서울,강남구,Linux,운영체제
서버 개발자,토스뱅크,서울,강남구,Redis,데이터베이스
서버 개발자,토스뱅크,서울,강남구,Java,프로그래밍 언어
서버 개발자,토스뱅크,서울,강남구,JavaScript,프로그래밍 언어
서버 개발자,파트리지시스템즈,서울,강남구,Linux,운영체제
서버 개발자,파트리지시스템즈,서울,강남구,MySQL,데이터베이스
서버 개발자,파트리지시스템즈,서울,강남구,Linux,운영체제
서버 개발자,파트리지시스템즈,서울,강남구,MySQL,데이터베이스
서버 개발자,폴스타헬스케어,서울,서초구,Python,프로그래밍 언어
서버 개발자,폴스타헬스케어,서울,서초구,Python,프로그래밍 언어
서버 개발자,엠클라우독,서울,강남구,MySQL,데이터베이스
서버 개발자,엠클라우독,서울,강남구,Java,프로그래밍 언어
서버 개발자,엠클라우독,서울,강남구,JavaScript,프로그래밍 언어
서버 개발자,엠클라우독,서울,강남구,Swift,프로그래밍 언어
서버 개발자,홈리에종,서울,성동구,JavaScript,프로그래밍 언어
서버 개발자,홈리에종,서울,성동구,Python,프로그래밍 언어
서버 개발자,홈리에종,서울,성동구,AWS,인프라
서버 개발자,에이스랩,서울,강남구,Linux,운영체제
서버 개발자,에이스랩,서울,강남구,JavaScript,프로그래밍 언어
서버 개발자,에이스랩,서울,강남구,Python,프로그래밍 언어
서버 개발자,디엔소프트,서울,금천구,MySQL,데이터베이스
서버 개발자,디엔소프트,서울,금천구,Redis,데이터베이스
서버 개발자,클러스터지원그룹,경기,군포시,Linux,운영체제
서버 개발자,클러스터지원그룹,경기,군포시,MySQL,데이터베이스
서버 개발자,클러스터지원그룹,경기,군포시,JavaScript,프로그래밍 언어
서버 개발자,클러스터지원그룹,경기,군포시,C,프로그래밍 언어
서버 개발자,클러스터지원그룹,경기,군포시,AWS,인프라
서버 개발자,이글로벌시스템,서울,강남구,Linux,운영체제
서버 개발자,이글로벌시스템,서울,강남구,Java,프로그래밍 언어
서버 개발자,테크스페이스,서울,강서구,MySQL,데이터베이스
서버 개발자,테크스페이스,서울,강서구,Redis,데이터베이스
서버 개발자,알엔알(RNR),서울,성동구,Linux,운영체제
서버 개발자,알엔알(RNR),서울,성동구,JavaScript,프로그래밍 언어
서버 개발자,알엔알(RNR),서울,성동구,PHP,프로그래밍 언어
서버 개발자,알엔알(RNR),서울,성동구,AWS,인프라
서버 개발자,알엔알(RNR),서울,성동구,HTML5,프로그래밍 언어
서버 개발자,알엔알(RNR),서울,성동구,Linux,운영체제
서버 개발자,알엔알(RNR),서울,성동구,JavaScript,프로그래밍 언어
서버 개발자,알엔알(RNR),서울,성동구,PHP,프로그래밍 언어
서버 개발자,알엔알(RNR),서울,성동구,AWS,인프라
서버 개발자,알엔알(RNR),서울,성동구,HTML5,프로그래밍 언어
서버 개발자,이파피루스,경기,성남시,Java,프로그래밍 언어
서버 개발자,케이존,경기,성남시,MySQL,데이터베이스
서버 개발자,스탠바이랩,서울,강남구,Java,프로그래밍 언어
서버 개발자,스탠바이랩,서울,강남구,JavaScript,프로그래밍 언어
서버 개발자,스탠바이랩,서울,강남구,AWS,인프라
서버 개발자,스탠바이랩,서울,강남구,HTML5,프로그래밍 언어
서버 개발자,스탠바이랩,서울,강남구,Java,프로그래밍 언어
서버 개발자,스탠바이랩,서울,강남구,JavaScript,프로그래밍 언어
서버 개발자,스탠바이랩,서울,강남구,AWS,인프라
서버 개발자,스탠바이랩,서울,강남구,HTML5,프로그래밍 언어
서버 개발자,큐알에스티에이아이,서울,중구,Github,개발 도구
서버 개발자,큐알에스티에이아이,서울,중구,Linux,운영체제
서버 개발자,큐알에스티에이아이,서울,중구,JavaScript,프로그래밍 언어
서버 개발자,큐알에스티에이아이,서울,중구,Python,프로그래밍 언어
서버 개발자,큐알에스티에이아이,서울,중구,AWS,인프라
서버 개발자,텝섹,서울,용산구,Python,프로그래밍 언어
서버 개발자,에스지코드랩,서울,강남구,Github,개발 도구
서버 개발자,에스지코드랩,서울,강남구,AWS,인프라
서버 개발자,제이앤피메디(JNPMEDI),인천,연수구,MySQL,데이터베이스
서버 개발자,제이앤피메디(JNPMEDI),인천,연수구,AWS,인프라
서버 개발자,제이앤피메디(JNPMEDI),인천,연수구,MySQL,데이터베이스
서버 개발자,제이앤피메디(JNPMEDI),인천,연수구,AWS,인프라
서버 개발자,제이앤피메디(JNPMEDI),인천,연수구,MySQL,데이터베이스
서버 개발자,제이앤피메디(JNPMEDI),인천,연수구,AWS,인프라
서버 개발자,이스트게임즈,서울,서초구,Linux,운영체제
서버 개발자,이스트게임즈,서울,서초구,MySQL,데이터베이스
서버 개발자,디딤365,서울,금천구,MySQL,데이터베이스
서버 개발자,디딤365,서울,금천구,C#,프로그래밍 언어
서버 개발자,디딤365,서울,금천구,JavaScript,프로그래밍 언어
서버 개발자,디딤365,서울,금천구,PHP,프로그래밍 언어
서버 개발자,디딤365,서울,금천구,Python,프로그래밍 언어
서버 개발자,디딤365,서울,금천구,AWS,인프라
서버 개발자,디딤365,서울,금천구,jQuery,라이브러리
서버 개발자,발란(BALAAN),서울,강남구,Github,개발 도구
서버 개발자,발란(BALAAN),서울,강남구,Linux,운영체제
서버 개발자,발란(BALAAN),서울,강남구,MySQL,데이터베이스
서버 개발자,발란(BALAAN),서울,강남구,Redis,데이터베이스
서버 개발자,발란(BALAAN),서울,강남구,JavaScript,프로그래밍 언어
서버 개발자,발란(BALAAN),서울,강남구,AWS,인프라
서버 개발자,발란(BALAAN),서울,강남구,jQuery,라이브러리
서버 개발자,발란(BALAAN),서울,강남구,HTML5,프로그래밍 언어
서버 개발자,발란(BALAAN),서울,강남구,ElasticSearch,인프라
서버 개발자,아하랩스,경기,성남시,Pytorch,라이브러리
서버 개발자,아하랩스,경기,성남시,Tensorflow,라이브러리
서버 개발자,아하랩스,경기,성남시,Python,프로그래밍 언어
서버 개발자,레몬클라우드,서울,송파구,Github,개발 도구
서버 개발자,레몬클라우드,서울,송파구,Tensorflow,라이브러리
서버 개발자,레몬클라우드,서울,송파구,Python,프로그래밍 언어
서버 개발자,레몬클라우드,서울,송파구,AWS,인프라
서버 개발자,레몬클라우드,서울,송파구,ElasticSearch,인프라
서버 개발자,제제컴즈,경기,성남시,Github,개발 도구
서버 개발자,제제컴즈,경기,성남시,MySQL,데이터베이스
서버 개발자,제제컴즈,경기,성남시,PHP,프로그래밍 언어
서버 개발자,제제컴즈,경기,성남시,Python,프로그래밍 언어
서버 개발자,제제컴즈,경기,성남시,AWS,인프라
서버 개발자,에이스랩,서울,강남구,Linux,운영체제
서버 개발자,에이스랩,서울,강남구,JavaScript,프로그래밍 언어
서버 개발자,에이스랩,서울,강남구,Python,프로그래밍 언어
서버 개발자,아이티이지,서울,서초구,Linux,운영체제
서버 개발자,아이티이지,서울,서초구,MySQL,데이터베이스
서버 개발자,아이티이지,서울,서초구,Java,프로그래밍 언어
서버 개발자,아이티이지,서울,서초구,JavaScript,프로그래밍 언어
서버 개발자,아이티이지,서울,서초구,PHP,프로그래밍 언어
서버 개발자,아이티이지,서울,서초구,Python,프로그래밍 언어
서버 개발자,아이티이지,서울,서초구,ElasticSearch,인프라
서버 개발자,휴톰,서울,마포구,MySQL,데이터베이스
서버 개발자,휴톰,서울,마포구,PostgreSQL,데이터베이스
서버 개발자,아바티(AVATYE),경기,성남시,JavaScript,프로그래밍 언어
서버 개발자,아바티(AVATYE),경기,성남시,AWS,인프라
서버 개발자,전능아이티,서울,서초구,.NET,프로그래밍 언어
서버 개발자,전능아이티,서울,서초구,MySQL,데이터베이스
서버 개발자,전능아이티,서울,서초구,C#,프로그래밍 언어
서버 개발자,큐브리드,서울,강남구,Linux,운영체제
서버 개발자,큐브리드,서울,강남구,Java,프로그래밍 언어
서버 개발자,미르니,서울,관악로,Linux,운영체제
서버 개발자,미르니,서울,관악로,AWS,인프라
서버 개발자,미르니,서울,관악로,PostgreSQL,데이터베이스
서버 개발자,미르니,서울,관악로,Linux,운영체제
서버 개발자,미르니,서울,관악로,AWS,인프라
서버 개발자,미르니,서울,관악로,PostgreSQL,데이터베이스
서버 개발자,미르니,서울,관악로,Linux,운영체제
서버 개발자,미르니,서울,관악로,AWS,인프라
서버 개발자,미르니,서울,관악로,PostgreSQL,데이터베이스
서버 개발자,에이테크솔루션,경기,화성시,Python,프로그래밍 언어
서버 개발자,가이아스,경기,과천시,ORCAD,개발 방법론 및 프로세스
서버 개발자,가이아스,경기,과천시,PADS,개발 방법론 및 프로세스
서버 개발자,에이에프아이,서울,성동구,Java,프로그래밍 언어
서버 개발자,에이에프아이,서울,성동구,JavaScript,프로그래밍 언어
서버 개발자,에이에프아이,서울,성동구,AWS,인프라
서버 개발자,에이에프아이,서울,성동구,C++,프로그래밍 언어
서버 개발자,스카이링크,서울,관악구,JavaScript,프로그래밍 언어
서버 개발자,스카이링크,서울,관악구,AWS,인프라
서버 개발자,위밋모빌리티,서울,마포구,AWS,인프라
서버 개발자,위밋모빌리티,서울,마포구,ElasticSearch,인프라
서버 개발자,오늘앤파트너스,서울,서초구,JavaScript,프로그래밍 언어
서버 개발자,인포그랩,경기,성남시,AWS,인프라
서버 개발자,인포그랩,경기,성남시,PostgreSQL,데이터베이스
서버 개발자,뱅가드랩,서울,구로구,Java,프로그래밍 언어
서버 개발자,뱅가드랩,서울,구로구,JavaScript,프로그래밍 언어
서버 개발자,라이트뷰,서울,마포구,iOS,운영체제
서버 개발자,라이트뷰,서울,마포구,MySQL,데이터베이스
서버 개발자,라이트뷰,서울,마포구,Java,프로그래밍 언어
서버 개발자,라이트뷰,서울,마포구,Swift,프로그래밍 언어
서버 개발자,라이트뷰,서울,마포구,AWS,인프라
서버 개발자,링글잉글리시에듀케이션서비스,서울,서초구,Github,개발 도구
서버 개발자,링글잉글리시에듀케이션서비스,서울,서초구,Python,프로그래밍 언어
서버 개발자,링글잉글리시에듀케이션서비스,서울,서초구,AWS,인프라
서버 개발자,빌드블록,서울,영등포구,Python,프로그래밍 언어
서버 개발자,빌드블록,서울,영등포구,AWS,인프라
서버 개발자,아틀라스네트웍스,서울,구로구,Java,프로그래밍 언어
서버 개발자,이스트게임즈,서울,서초구,Linux,운영체제
서버 개발자,이스트게임즈,서울,서초구,MySQL,데이터베이스
서버 개발자,배달로나라를구하신,경기,고양시,Java,프로그래밍 언어
서버 개발자,배달로나라를구하신,경기,고양시,AWS,인프라
서버 개발자,에임(AIM),서울,강남구,Github,개발 도구
서버 개발자,에임(AIM),서울,강남구,Linux,운영체제
서버 개발자,에임(AIM),서울,강남구,MySQL,데이터베이스
서버 개발자,에임(AIM),서울,강남구,JavaScript,프로그래밍 언어
서버 개발자,에임(AIM),서울,강남구,Python,프로그래밍 언어
서버 개발자,에임(AIM),서울,강남구,AWS,인프라
서버 개발자,크레비스파트너스(도너스),서울,성동구,Github,개발 도구
서버 개발자,크레비스파트너스(도너스),서울,성동구,.NET,프로그래밍 언어
서버 개발자,크레비스파트너스(도너스),서울,성동구,C#,프로그래밍 언어
프론트엔드 개발자,아트라미,대구,남구,Java,프로그래밍 언어
프론트엔드 개발자,아트라미,대구,남구,JavaScript,프로그래밍 언어
프론트엔드 개발자,아트라미,대구,남구,PHP,프로그래밍 언어
프론트엔드 개발자,아트라미,대구,남구,Python,프로그래밍 언어
프론트엔드 개발자,아트라미,대구,남구,AWS,인프라
프론트엔드 개발자,아트라미,대구,남구,PostgreSQL,데이터베이스
프론트엔드 개발자,모니터랩,서울,구로구,Linux,운영체제
프론트엔드 개발자,데이원컴퍼니,서울,강남구,Github,개발 도구
프론트엔드 개발자,데이원컴퍼니,서울,강남구,JavaScript,프로그래밍 언어
프론트엔드 개발자,어크로스비,서울,서초구,AWS,인프라
프론트엔드 개발자,언리저브,서울,강남구,Linux,운영체제
프론트엔드 개발자,언리저브,서울,강남구,Pytorch,라이브러리
프론트엔드 개발자,언리저브,서울,강남구,C#,프로그래밍 언어
프론트엔드 개발자,언리저브,서울,강남구,Java,프로그래밍 언어
프론트엔드 개발자,언리저브,서울,강남구,Python,프로그래밍 언어
프론트엔드 개발자,인포유앤컴퍼니,서울,성동구,MySQL,데이터베이스
프론트엔드 개발자,인포유앤컴퍼니,서울,성동구,JavaScript,프로그래밍 언어
프론트엔드 개발자,폴스타헬스케어,서울,서초구,Python,프로그래밍 언어
프론트엔드 개발자,에이치에너지,서울,강남구,JavaScript,프로그래밍 언어
프론트엔드 개발자,엠클라우독,서울,강남구,MySQL,데이터베이스
프론트엔드 개발자,엠클라우독,서울,강남구,Java,프로그래밍 언어
프론트엔드 개발자,엠클라우독,서울,강남구,JavaScript,프로그래밍 언어
프론트엔드 개발자,엠클라우독,서울,강남구,Swift,프로그래밍 언어
프론트엔드 개발자,그린랩스,서울,송파구,Github,개발 도구
프론트엔드 개발자,그린랩스,서울,송파구,MySQL,데이터베이스
프론트엔드 개발자,그린랩스,서울,송파구,JavaScript,프로그래밍 언어
프론트엔드 개발자,그린랩스,서울,송파구,Python,프로그래밍 언어
프론트엔드 개발자,그린랩스,서울,송파구,AWS,인프라
프론트엔드 개발자,제이어스,부산,사상구,JavaScript,프로그래밍 언어
프론트엔드 개발자,제이어스,부산,사상구,Python,프로그래밍 언어
프론트엔드 개발자,제이어스,부산,사상구,C,프로그래밍 언어
프론트엔드 개발자,제이어스,부산,사상구,C++,프로그래밍 언어
프론트엔드 개발자,스탠바이랩,서울,강남구,Java,프로그래밍 언어
프론트엔드 개발자,스탠바이랩,서울,강남구,JavaScript,프로그래밍 언어
프론트엔드 개발자,스탠바이랩,서울,강남구,AWS,인프라
프론트엔드 개발자,스탠바이랩,서울,강남구,HTML5,프로그래밍 언어
프론트엔드 개발자,알엔알(RNR),서울,성동구,Linux,운영체제
프론트엔드 개발자,알엔알(RNR),서울,성동구,JavaScript,프로그래밍 언어
프론트엔드 개발자,알엔알(RNR),서울,성동구,PHP,프로그래밍 언어
프론트엔드 개발자,알엔알(RNR),서울,성동구,AWS,인프라
프론트엔드 개발자,알엔알(RNR),서울,성동구,HTML5,프로그래밍 언어
프론트엔드 개발자,투인피니티,서울,강남구,JavaScript,프로그래밍 언어
프론트엔드 개발자,알세미,서울,강남구,JavaScript,프로그래밍 언어
프론트엔드 개발자,알세미,서울,강남구,Python,프로그래밍 언어
프론트엔드 개발자,알세미,서울,강남구,C,프로그래밍 언어
프론트엔드 개발자,알세미,서울,강남구,C++,프로그래밍 언어
프론트엔드 개발자,알세미,서울,강남구,JavaScript,프로그래밍 언어
프론트엔드 개발자,알세미,서울,강남구,Python,프로그래밍 언어
프론트엔드 개발자,알세미,서울,강남구,C,프로그래밍 언어
프론트엔드 개발자,알세미,서울,강남구,C++,프로그래밍 언어
프론트엔드 개발자,에스지에이솔루션즈,서울,송파구,JavaScript,프로그래밍 언어
프론트엔드 개발자,제이앤피메디(JNPMEDI),인천,연수구,MySQL,데이터베이스
프론트엔드 개발자,제이앤피메디(JNPMEDI),인천,연수구,AWS,인프라
자바 개발자,웨이즈원,경기,성남시,Java,프로그래밍 언어
자바 개발자,웨이즈원,경기,성남시,Python,프로그래밍 언어
자바 개발자,웨이즈원,경기,성남시,AWS,인프라
자바 개발자,큐브리드,서울,강남구,Linux,운영체제
자바 개발자,큐브리드,서울,강남구,Java,프로그래밍 언어
자바 개발자,모니터랩,서울,구로구,Linux,운영체제
자바 개발자,엠에스제이,서울,구로구,Pytorch,라이브러리
자바 개발자,엠에스제이,서울,구로구,Tensorflow,라이브러리
자바 개발자,엠에스제이,서울,구로구,Java,프로그래밍 언어
자바 개발자,엠에스제이,서울,구로구,Python,프로그래밍 언어
자바 개발자,엠에스제이,서울,구로구,AWS,인프라
자바 개발자,투썬플랫폼,경기,성남시,.NET,프로그래밍 언어
자바 개발자,투썬플랫폼,경기,성남시,Linux,운영체제
자바 개발자,투썬플랫폼,경기,성남시,C#,프로그래밍 언어
자바 개발자,투썬플랫폼,경기,성남시,PostgreSQL,데이터베이스
자바 개발자,엘리오앤컴퍼니,서울,강남구,C#,프로그래밍 언어
자바 개발자,엘리오앤컴퍼니,서울,강남구,Java,프로그래밍 언어
자바 개발자,토스뱅크,서울,강남구,Github,개발 도구
자바 개발자,토스뱅크,서울,강남구,Linux,운영체제
자바 개발자,토스뱅크,서울,강남구,Redis,데이터베이스
자바 개발자,토스뱅크,서울,강남구,Java,프로그래밍 언어
자바 개발자,토스뱅크,서울,강남구,JavaScript,프로그래밍 언어
자바 개발자,파트리지시스템즈,서울,강남구,Linux,운영체제
자바 개발자,파트리지시스템즈,서울,강남구,MySQL,데이터베이스
자바 개발자,파트리지시스템즈,서울,강남구,Linux,운영체제
자바 개발자,파트리지시스템즈,서울,강남구,MySQL,데이터베이스
자바 개발자,폴스타헬스케어,서울,서초구,Python,프로그래밍 언어
자바 개발자,오케이포스,서울,강남구,iOS,운영체제
자바 개발자,오케이포스,서울,강남구,Swift,프로그래밍 언어
자바 개발자,엠클라우독,서울,강남구,MySQL,데이터베이스
자바 개발자,엠클라우독,서울,강남구,Java,프로그래밍 언어
자바 개발자,엠클라우독,서울,강남구,JavaScript,프로그래밍 언어
자바 개발자,엠클라우독,서울,강남구,Swift,프로그래밍 언어
자바 개발자,엠클라우독,서울,강남구,MySQL,데이터베이스
자바 개발자,엠클라우독,서울,강남구,Java,프로그래밍 언어
자바 개발자,엠클라우독,서울,강남구,JavaScript,프로그래밍 언어
자바 개발자,엠클라우독,서울,강남구,Swift,프로그래밍 언어
자바 개발자,아템드메라키,서울,서초구,AWS,인프라
자바 개발자,이글로벌시스템,서울,강남구,Linux,운영체제
자바 개발자,이글로벌시스템,서울,강남구,Java,프로그래밍 언어
자바 개발자,지냅스,경기,성남시,Linux,운영체제
자바 개발자,지냅스,경기,성남시,Java,프로그래밍 언어
자바 개발자,세포아소프트,서울,서초구,MySQL,데이터베이스
자바 개발자,세포아소프트,서울,서초구,Java,프로그래밍 언어
자바 개발자,세포아소프트,서울,서초구,JavaScript,프로그래밍 언어
자바 개발자,세포아소프트,서울,서초구,Python,프로그래밍 언어
자바 개발자,세포아소프트,서울,서초구,AWS,인프라
자바 개발자,세포아소프트,서울,서초구,jQuery,라이브러리
자바 개발자,세포아소프트,서울,서초구,HTML5,프로그래밍 언어
자바 개발자,알엔알(RNR),서울,성동구,Linux,운영체제
자바 개발자,알엔알(RNR),서울,성동구,JavaScript,프로그래밍 언어
자바 개발자,알엔알(RNR),서울,성동구,PHP,프로그래밍 언어
자바 개발자,알엔알(RNR),서울,성동구,AWS,인프라
자바 개발자,알엔알(RNR),서울,성동구,HTML5,프로그래밍 언어
자바 개발자,알엔알(RNR),서울,성동구,Linux,운영체제
자바 개발자,알엔알(RNR),서울,성동구,JavaScript,프로그래밍 언어
자바 개발자,알엔알(RNR),서울,성동구,PHP,프로그래밍 언어
자바 개발자,알엔알(RNR),서울,성동구,AWS,인프라
자바 개발자,알엔알(RNR),서울,성동구,HTML5,프로그래밍 언어
자바 개발자,파더스랩,서울,강남구,Github,개발 도구
자바 개발자,파더스랩,서울,강남구,iOS,운영체제
자바 개발자,파더스랩,서울,강남구,Linux,운영체제
자바 개발자,파더스랩,서울,강남구,MySQL,데이터베이스
자바 개발자,파더스랩,서울,강남구,Tensorflow,라이브러리
자바 개발자,파더스랩,서울,강남구,C#,프로그래밍 언어
자바 개발자,파더스랩,서울,강남구,Java,프로그래밍 언어
자바 개발자,파더스랩,서울,강남구,JavaScript,프로그래밍 언어
자바 개발자,파더스랩,서울,강남구,Python,프로그래밍 언어
자바 개발자,파더스랩,서울,강남구,Swift,프로그래밍 언어
자바 개발자,파더스랩,서울,강남구,AWS,인프라
자바 개발자,파더스랩,서울,강남구,C++,프로그래밍 언어
자바 개발자,파더스랩,서울,강남구,ElasticSearch,인프라
자바 개발자,스탠바이랩,서울,강남구,Java,프로그래밍 언어
자바 개발자,스탠바이랩,서울,강남구,JavaScript,프로그래밍 언어
자바 개발자,스탠바이랩,서울,강남구,AWS,인프라
자바 개발자,스탠바이랩,서울,강남구,HTML5,프로그래밍 언어
자바 개발자,스탠바이랩,서울,강남구,Java,프로그래밍 언어
자바 개발자,스탠바이랩,서울,강남구,JavaScript,프로그래밍 언어
자바 개발자,스탠바이랩,서울,강남구,AWS,인프라
자바 개발자,스탠바이랩,서울,강남구,HTML5,프로그래밍 언어
자바 개발자,에스지에이솔루션즈,서울,송파구,JavaScript,프로그래밍 언어
자바 개발자,영림원소프트랩,서울,강서구,JavaScript,프로그래밍 언어
자바 개발자,우리요,전북,전주시,iOS,운영체제
자바 개발자,우리요,전북,전주시,MySQL,데이터베이스
자바 개발자,우리요,전북,전주시,Java,프로그래밍 언어
자바 개발자,우리요,전북,전주시,PHP,프로그래밍 언어
자바 개발자,우리요,전북,전주시,Swift,프로그래밍 언어
자바 개발자,아토리서치,서울,서초구,Linux,운영체제
자바 개발자,아토리서치,서울,서초구,Java,프로그래밍 언어
자바 개발자,아토리서치,서울,서초구,Python,프로그래밍 언어
자바 개발자,아토리서치,서울,서초구,C,프로그래밍 언어
자바 개발자,이엘일렉트릭,경기,남양주시,Github,개발 도구
자바 개발자,이엘일렉트릭,경기,남양주시,iOS,운영체제
자바 개발자,이엘일렉트릭,경기,남양주시,Linux,운영체제
자바 개발자,이엘일렉트릭,경기,남양주시,C#,프로그래밍 언어
자바 개발자,이엘일렉트릭,경기,남양주시,JavaScript,프로그래밍 언어
자바 개발자,이엘일렉트릭,경기,남양주시,AWS,인프라
자바 개발자,전능아이티,서울,서초구,.NET,프로그래밍 언어
자바 개발자,전능아이티,서울,서초구,MySQL,데이터베이스
자바 개발자,전능아이티,서울,서초구,C#,프로그래밍 언어
자바 개발자,큐브리드,서울,강남구,Linux,운영체제
자바 개발자,큐브리드,서울,강남구,Java,프로그래밍 언어
"C,C++ 개발자",엑셈,서울,강서구,Java,프로그래밍 언어
"C,C++ 개발자",엑셈,서울,강서구,JavaScript,프로그래밍 언어
"C,C++ 개발자",엑셈,서울,강서구,jQuery,라이브러리
"C,C++ 개발자",엑셈,서울,강서구,HTML5,프로그래밍 언어
"C,C++ 개발자",웨이즈원,경기,성남시,Java,프로그래밍 언어
"C,C++ 개발자",웨이즈원,경기,성남시,Python,프로그래밍 언어
"C,C++ 개발자",웨이즈원,경기,성남시,AWS,인프라
"C,C++ 개발자",코비스테크놀로지,경기,안양시,C#,프로그래밍 언어
"C,C++ 개발자",코비스테크놀로지,경기,안양시,C++,프로그래밍 언어
"C,C++ 개발자",에스티피씨,경기,성남시,Github,개발 도구
"C,C++ 개발자",에스티피씨,경기,성남시,Linux,운영체제
"C,C++ 개발자",에스티피씨,경기,성남시,Python,프로그래밍 언어
"C,C++ 개발자",에스티피씨,경기,성남시,C++,프로그래밍 언어
"C,C++ 개발자",큐브리드,서울,강남구,Linux,운영체제
"C,C++ 개발자",큐브리드,서울,강남구,Java,프로그래밍 언어
"C,C++ 개발자",모니터랩,서울,구로구,Linux,운영체제
"C,C++ 개발자",플러스파크,서울,서초구,Java,프로그래밍 언어
"C,C++ 개발자",플러스파크,서울,서초구,JavaScript,프로그래밍 언어
"C,C++ 개발자",플러스파크,서울,서초구,PostgreSQL,데이터베이스
"C,C++ 개발자",지란지교데이터,대전,유성구,Pytorch,라이브러리
"C,C++ 개발자",지란지교데이터,대전,유성구,Tensorflow,라이브러리
"C,C++ 개발자",지란지교데이터,대전,유성구,Python,프로그래밍 언어
"C,C++ 개발자",지란지교데이터,대전,유성구,C++,프로그래밍 언어
"C,C++ 개발자",벰소프트,부산,강서구,Python,프로그래밍 언어
"C,C++ 개발자",에이디알에프코리아,경기,이천시,Linux,운영체제
"C,C++ 개발자",에이디알에프코리아,경기,이천시,Python,프로그래밍 언어
"C,C++ 개발자",에이디알에프코리아,경기,이천시,C++,프로그래밍 언어
"C,C++ 개발자",에이디알에프코리아,경기,이천시,Linux,운영체제
"C,C++ 개발자",에이디알에프코리아,경기,이천시,Python,프로그래밍 언어
"C,C++ 개발자",에이디알에프코리아,경기,이천시,C++,프로그래밍 언어
"C,C++ 개발자",에이엠텔레콤,경기,성남시,Linux,운영체제
"C,C++ 개발자",에이엠텔레콤,경기,성남시,Python,프로그래밍 언어
"C,C++ 개발자",지큐브,대구,동구,Java,프로그래밍 언어
"C,C++ 개발자",지큐브,대구,동구,C,프로그래밍 언어
"C,C++ 개발자",지큐브,대구,동구,C++,프로그래밍 언어
"C,C++ 개발자",지큐브,대구,동구,Qt,프레임워크
"C,C++ 개발자",하이보,서울,서초구,Linux,운영체제
"C,C++ 개발자",하이보,서울,서초구,Python,프로그래밍 언어
"C,C++ 개발자",쿼드마이너,서울,강남구,Linux,운영체제
"C,C++ 개발자",더블유지에스,경기,수원시,OpenCV,라이브러리
"C,C++ 개발자",스카이랩스(SkyLabs),경기,성남시,iOS,운영체제
"C,C++ 개발자",스카이랩스(SkyLabs),경기,성남시,MySQL,데이터베이스
"C,C++ 개발자",스카이랩스(SkyLabs),경기,성남시,Pytorch,라이브러리
"C,C++ 개발자",스카이랩스(SkyLabs),경기,성남시,Tensorflow,라이브러리
"C,C++ 개발자",스카이랩스(SkyLabs),경기,성남시,Java,프로그래밍 언어
"C,C++ 개발자",스카이랩스(SkyLabs),경기,성남시,JavaScript,프로그래밍 언어
"C,C++ 개발자",스카이랩스(SkyLabs),경기,성남시,Python,프로그래밍 언어
"C,C++ 개발자",스카이랩스(SkyLabs),경기,성남시,Swift,프로그래밍 언어
"C,C++ 개발자",스카이랩스(SkyLabs),경기,성남시,AWS,인프라
"C,C++ 개발자",스파이더크래프트,서울,서울,MySQL,데이터베이스
"C,C++ 개발자",스파이더크래프트,서울,서울,PHP,프로그래밍 언어
"C,C++ 개발자",옵트에이아이,서울,강서구,Python,프로그래밍 언어
"C,C++ 개발자",옵트에이아이,서울,강서구,Python,프로그래밍 언어
"C,C++ 개발자",옵트에이아이,서울,강서구,Python,프로그래밍 언어
"C,C++ 개발자",알세미,서울,강남구,JavaScript,프로그래밍 언어
"C,C++ 개발자",알세미,서울,강남구,Python,프로그래밍 언어
"C,C++ 개발자",알세미,서울,강남구,C,프로그래밍 언어
"C,C++ 개발자",알세미,서울,강남구,C++,프로그래밍 언어
"C,C++ 개발자",알세미,서울,강남구,JavaScript,프로그래밍 언어
"C,C++ 개발자",알세미,서울,강남구,Python,프로그래밍 언어
"C,C++ 개발자",알세미,서울,강남구,C,프로그래밍 언어
"C,C++ 개발자",알세미,서울,강남구,C++,프로그래밍 언어
"C,C++ 개발자",쿼드마이너,서울,강남구,Linux,운영체제
"C,C++ 개발자",에스오에스랩(SO,경기,용인시,Linux,운영체제
"C,C++ 개발자",에스오에스랩(SO,경기,용인시,Python,프로그래밍 언어
"C,C++ 개발자",에스오에스랩(SO,경기,용인시,C++,프로그래밍 언어
"C,C++ 개발자",폴스타헬스케어,서울,서초구,Python,프로그래밍 언어
파이썬 개발자,에스티피씨,경기,성남시,Github,개발 도구
파이썬 개발자,에스티피씨,경기,성남시,Linux,운영체제
파이썬 개발자,에스티피씨,경기,성남시,Python,프로그래밍 언어
파이썬 개발자,에스티피씨,경기,성남시,C++,프로그래밍 언어
파이썬 개발자,에프에이솔루션,서울,영등포구,Linux,운영체제
파이썬 개발자,에프에이솔루션,서울,영등포구,Java,프로그래밍 언어
파이썬 개발자,에프에이솔루션,서울,영등포구,JavaScript,프로그래밍 언어
파이썬 개발자,비트센싱,경기,성남시,C#,프로그래밍 언어
파이썬 개발자,비트센싱,경기,성남시,Python,프로그래밍 언어
파이썬 개발자,비트센싱,경기,성남시,C,프로그래밍 언어
파이썬 개발자,디피니트,서울,마포구,Linux,운영체제
파이썬 개발자,디피니트,서울,마포구,MySQL,데이터베이스
파이썬 개발자,디피니트,서울,마포구,Pytorch,라이브러리
파이썬 개발자,디피니트,서울,마포구,Tensorflow,라이브러리
파이썬 개발자,디피니트,서울,마포구,JavaScript,프로그래밍 언어
파이썬 개발자,디피니트,서울,마포구,Python,프로그래밍 언어
파이썬 개발자,디피니트,서울,마포구,AWS,인프라
파이썬 개발자,에이디알에프코리아,경기,이천시,Linux,운영체제
파이썬 개발자,에이디알에프코리아,경기,이천시,Python,프로그래밍 언어
파이썬 개발자,에이디알에프코리아,경기,이천시,C++,프로그래밍 언어
파이썬 개발자,쿼드마이너,서울,강남구,Linux,운영체제
파이썬 개발자,엠에스제이,서울,구로구,Pytorch,라이브러리
파이썬 개발자,엠에스제이,서울,구로구,Tensorflow,라이브러리
파이썬 개발자,엠에스제이,서울,구로구,Java,프로그래밍 언어
파이썬 개발자,엠에스제이,서울,구로구,Python,프로그래밍 언어
파이썬 개발자,엠에스제이,서울,구로구,AWS,인프라
파이썬 개발자,에스투더블유(S2W),경기,성남시,Python,프로그래밍 언어
파이썬 개발자,에스투더블유(S2W),경기,성남시,ElasticSearch,인프라
파이썬 개발자,에스투더블유(S2W),경기,성남시,Python,프로그래밍 언어
파이썬 개발자,에스투더블유(S2W),경기,성남시,ElasticSearch,인프라
파이썬 개발자,에스투더블유(S2W),경기,성남시,Python,프로그래밍 언어
파이썬 개발자,에스투더블유(S2W),경기,성남시,ElasticSearch,인프라
파이썬 개발자,한국해양기상기술,서울,구로구,Github,개발 도구
파이썬 개발자,한국해양기상기술,서울,구로구,Linux,운영체제
파이썬 개발자,한국해양기상기술,서울,구로구,Python,프로그래밍 언어
파이썬 개발자,한국해양기상기술,서울,구로구,PostgreSQL,데이터베이스
파이썬 개발자,옵트에이아이,서울,강서구,Python,프로그래밍 언어
파이썬 개발자,옵트에이아이,서울,강서구,Python,프로그래밍 언어
파이썬 개발자,알세미,서울,강남구,JavaScript,프로그래밍 언어
파이썬 개발자,알세미,서울,강남구,Python,프로그래밍 언어
파이썬 개발자,알세미,서울,강남구,C,프로그래밍 언어
파이썬 개발자,알세미,서울,강남구,C++,프로그래밍 언어
파이썬 개발자,알세미,서울,강남구,JavaScript,프로그래밍 언어
파이썬 개발자,알세미,서울,강남구,Python,프로그래밍 언어
파이썬 개발자,알세미,서울,강남구,C,프로그래밍 언어
파이썬 개발자,알세미,서울,강남구,C++,프로그래밍 언어
파이썬 개발자,에스오에스랩(SO,경기,용인시,Linux,운영체제
파이썬 개발자,에스오에스랩(SO,경기,용인시,Python,프로그래밍 언어
파이썬 개발자,에스오에스랩(SO,경기,용인시,C++,프로그래밍 언어
파이썬 개발자,에이엠스퀘어,서울,서초구,Linux,운영체제
파이썬 개발자,에이엠스퀘어,서울,서초구,Pytorch,라이브러리
파이썬 개발자,에이엠스퀘어,서울,서초구,Tensorflow,라이브러리
파이썬 개발자,에이엠스퀘어,서울,서초구,Python,프로그래밍 언어
파이썬 개발자,에이엠스퀘어,서울,서초구,OpenCV,라이브러리
파이썬 개발자,에너자이(ENERZAi),서울,강남구,Python,프로그래밍 언어
파이썬 개발자,에너자이(ENERZAi),서울,강남구,C,프로그래밍 언어
파이썬 개발자,에너자이(ENERZAi),서울,강남구,C++,프로그래밍 언어
파이썬 개발자,지놈인사이트테크놀로지,서울,서초구,Linux,운영체제
파이썬 개발자,지놈인사이트테크놀로지,서울,서초구,JavaScript,프로그래밍 언어
파이썬 개발자,지놈인사이트테크놀로지,서울,서초구,AWS,인프라
파이썬 개발자,에이블제이,경기,성남시,Pytorch,라이브러리
파이썬 개발자,에이블제이,경기,성남시,Python,프로그래밍 언어
파이썬 개발자,포자랩스,서울,강남구,Github,개발 도구
파이썬 개발자,포자랩스,서울,강남구,Pytorch,라이브러리
파이썬 개발자,포자랩스,서울,강남구,Python,프로그래밍 언어
파이썬 개발자,홈리에종,서울,성동구,JavaScript,프로그래밍 언어
파이썬 개발자,홈리에종,서울,성동구,Python,프로그래밍 언어
파이썬 개발자,홈리에종,서울,성동구,AWS,인프라
파이썬 개발자,모빌테크,서울,서초구,Python,프로그래밍 언어
파이썬 개발자,아템드메라키,서울,서초구,AWS,인프라
파이썬 개발자,컨트롤웍스,서울,강남구,Python,프로그래밍 언어
파이썬 개발자,컨트롤웍스,서울,강남구,C,프로그래밍 언어
파이썬 개발자,컨트롤웍스,서울,강남구,C++,프로그래밍 언어
파이썬 개발자,바이오리서치에이아이,서울,강남구,Github,개발 도구
파이썬 개발자,바이오리서치에이아이,서울,강남구,Python,프로그래밍 언어
파이썬 개발자,바이오리서치에이아이,서울,강남구,AWS,인프라
파이썬 개발자,누비랩,서울,강남구,Github,개발 도구
파이썬 개발자,누비랩,서울,강남구,Python,프로그래밍 언어
파이썬 개발자,누비랩,서울,강남구,AWS,인프라
파이썬 개발자,누비랩,서울,강남구,OpenCV,라이브러리
파이썬 개발자,큐알에스티에이아이,서울,중구,Github,개발 도구
파이썬 개발자,큐알에스티에이아이,서울,중구,Linux,운영체제
파이썬 개발자,큐알에스티에이아이,서울,중구,JavaScript,프로그래밍 언어
파이썬 개발자,큐알에스티에이아이,서울,중구,Python,프로그래밍 언어
파이썬 개발자,큐알에스티에이아이,서울,중구,AWS,인프라
머신러닝 엔지니어,지엔에이컴퍼니,서울,서초구,MySQL,데이터베이스
머신러닝 엔지니어,지엔에이컴퍼니,서울,서초구,AWS,인프라
머신러닝 엔지니어,보로노이,인천,연수구,Python,프로그래밍 언어
머신러닝 엔지니어,테파로보틱스,서울,강남구,Python,프로그래밍 언어
머신러닝 엔지니어,디피니트,서울,마포구,Linux,운영체제
머신러닝 엔지니어,디피니트,서울,마포구,MySQL,데이터베이스
머신러닝 엔지니어,디피니트,서울,마포구,Pytorch,라이브러리
머신러닝 엔지니어,디피니트,서울,마포구,Tensorflow,라이브러리
머신러닝 엔지니어,디피니트,서울,마포구,JavaScript,프로그래밍 언어
머신러닝 엔지니어,디피니트,서울,마포구,Python,프로그래밍 언어
머신러닝 엔지니어,디피니트,서울,마포구,AWS,인프라
머신러닝 엔지니어,지엔에이컴퍼니,서울,서초구,MySQL,데이터베이스
머신러닝 엔지니어,지엔에이컴퍼니,서울,서초구,AWS,인프라
머신러닝 엔지니어,로민,서울,서초구,Linux,운영체제
머신러닝 엔지니어,로민,서울,서초구,Python,프로그래밍 언어
머신러닝 엔지니어,로민,서울,서초구,Linux,운영체제
머신러닝 엔지니어,로민,서울,서초구,Python,프로그래밍 언어
머신러닝 엔지니어,엠에스제이,서울,구로구,Pytorch,라이브러리
머신러닝 엔지니어,엠에스제이,서울,구로구,Tensorflow,라이브러리
머신러닝 엔지니어,엠에스제이,서울,구로구,Java,프로그래밍 언어
머신러닝 엔지니어,엠에스제이,서울,구로구,Python,프로그래밍 언어
머신러닝 엔지니어,엠에스제이,서울,구로구,AWS,인프라
머신러닝 엔지니어,스카이랩스(SkyLabs),경기,성남시,iOS,운영체제
머신러닝 엔지니어,스카이랩스(SkyLabs),경기,성남시,MySQL,데이터베이스
머신러닝 엔지니어,스카이랩스(SkyLabs),경기,성남시,Pytorch,라이브러리
머신러닝 엔지니어,스카이랩스(SkyLabs),경기,성남시,Tensorflow,라이브러리
머신러닝 엔지니어,스카이랩스(SkyLabs),경기,성남시,Java,프로그래밍 언어
머신러닝 엔지니어,스카이랩스(SkyLabs),경기,성남시,JavaScript,프로그래밍 언어
머신러닝 엔지니어,스카이랩스(SkyLabs),경기,성남시,Python,프로그래밍 언어
머신러닝 엔지니어,스카이랩스(SkyLabs),경기,성남시,Swift,프로그래밍 언어
머신러닝 엔지니어,스카이랩스(SkyLabs),경기,성남시,AWS,인프라
머신러닝 엔지니어,언리저브,서울,강남구,Linux,운영체제
머신러닝 엔지니어,언리저브,서울,강남구,Pytorch,라이브러리
머신러닝 엔지니어,언리저브,서울,강남구,C#,프로그래밍 언어
머신러닝 엔지니어,언리저브,서울,강남구,Java,프로그래밍 언어
머신러닝 엔지니어,언리저브,서울,강남구,Python,프로그래밍 언어
머신러닝 엔지니어,옵트에이아이,서울,강서구,Python,프로그래밍 언어
머신러닝 엔지니어,옵트에이아이,서울,강서구,Python,프로그래밍 언어
머신러닝 엔지니어,옵트에이아이,서울,강서구,Python,프로그래밍 언어
머신러닝 엔지니어,폴스타헬스케어,서울,서초구,Python,프로그래밍 언어
머신러닝 엔지니어,인포시즈,서울,강남구,Python,프로그래밍 언어
데이터 엔지니어,지엔에이컴퍼니,서울,서초구,MySQL,데이터베이스
데이터 엔지니어,지엔에이컴퍼니,서울,서초구,AWS,인프라
데이터 엔지니어,웨이즈원,경기,성남시,Java,프로그래밍 언어
데이터 엔지니어,웨이즈원,경기,성남시,Python,프로그래밍 언어
데이터 엔지니어,웨이즈원,경기,성남시,AWS,인프라
데이터 엔지니어,지엔에이컴퍼니,서울,서초구,MySQL,데이터베이스
데이터 엔지니어,지엔에이컴퍼니,서울,서초구,AWS,인프라
데이터 엔지니어,로민,서울,서초구,Linux,운영체제
데이터 엔지니어,로민,서울,서초구,Python,프로그래밍 언어
데이터 엔지니어,스카이랩스(SkyLabs),경기,성남시,iOS,운영체제
데이터 엔지니어,스카이랩스(SkyLabs),경기,성남시,MySQL,데이터베이스
데이터 엔지니어,스카이랩스(SkyLabs),경기,성남시,Pytorch,라이브러리
데이터 엔지니어,스카이랩스(SkyLabs),경기,성남시,Tensorflow,라이브러리
데이터 엔지니어,스카이랩스(SkyLabs),경기,성남시,Java,프로그래밍 언어
데이터 엔지니어,스카이랩스(SkyLabs),경기,성남시,JavaScript,프로그래밍 언어
데이터 엔지니어,스카이랩스(SkyLabs),경기,성남시,Python,프로그래밍 언어
데이터 엔지니어,스카이랩스(SkyLabs),경기,성남시,Swift,프로그래밍 언어
데이터 엔지니어,스카이랩스(SkyLabs),경기,성남시,AWS,인프라
데이터 엔지니어,해긴,서울,구로구,Python,프로그래밍 언어
데이터 엔지니어,해긴,서울,구로구,AWS,인프라
데이터 엔지니어,에이프리카,서울,금천구,Linux,운영체제
데이터 엔지니어,엘리오앤컴퍼니,서울,강남구,C#,프로그래밍 언어
데이터 엔지니어,엘리오앤컴퍼니,서울,강남구,Java,프로그래밍 언어
데이터 엔지니어,인포유앤컴퍼니,서울,성동구,MySQL,데이터베이스
데이터 엔지니어,인포유앤컴퍼니,서울,성동구,JavaScript,프로그래밍 언어
데이터 엔지니어,인포시즈,서울,강남구,Python,프로그래밍 언어
데이터 엔지니어,브이엠에스솔루션스,경기,평택시,C#,프로그래밍 언어
데이터 엔지니어,브이엠에스솔루션스,경기,평택시,Java,프로그래밍 언어
데이터 엔지니어,코인원(coinone),서울,영등포구,MySQL,데이터베이스
데이터 엔지니어,코인원(coinone),서울,영등포구,Python,프로그래밍 언어
데이터 엔지니어,브이엠에스솔루션스,경기,용인시,C#,프로그래밍 언어
데이터 엔지니어,브이엠에스솔루션스,경기,용인시,Java,프로그래밍 언어
데이터 엔지니어,이몰디노(eMoldino),서울,중구,Python,프로그래밍 언어
데이터 엔지니어,모빌테크,서울,서초구,Python,프로그래밍 언어
데이터 엔지니어,휴톰,서울,마포구,MySQL,데이터베이스
데이터 엔지니어,휴톰,서울,마포구,PostgreSQL,데이터베이스
데이터 엔지니어,플리토,서울,강남구,Pytorch,라이브러리
데이터 엔지니어,플리토,서울,강남구,Python,프로그래밍 언어
데이터 엔지니어,플리토,서울,강남구,AWS,인프라
데이터 엔지니어,플리토,서울,강남구,ElasticSearch,인프라
데이터 엔지니어,플리토,서울,강남구,Pytorch,라이브러리
데이터 엔지니어,플리토,서울,강남구,Python,프로그래밍 언어
데이터 엔지니어,플리토,서울,강남구,AWS,인프라
데이터 엔지니어,플리토,서울,강남구,ElasticSearch,인프라
데이터 엔지니어,펀진,서울,성동구,MySQL,데이터베이스
데이터 엔지니어,펀진,서울,성동구,Java,프로그래밍 언어
데이터 엔지니어,펀진,서울,성동구,C,프로그래밍 언어
데이터 엔지니어,펀진,서울,성동구,C++,프로그래밍 언어
데이터 엔지니어,코너스톤파트너스디지털,서울,강남구,MySQL,데이터베이스
데이터 엔지니어,코너스톤파트너스디지털,서울,강남구,Python,프로그래밍 언어
데이터 엔지니어,바딧,서울,금천구,Github,개발 도구
데이터 엔지니어,바딧,서울,금천구,Pytorch,라이브러리
데이터 엔지니어,바딧,서울,금천구,Tensorflow,라이브러리
데이터 엔지니어,바딧,서울,금천구,JavaScript,프로그래밍 언어
데이터 엔지니어,바딧,서울,금천구,PHP,프로그래밍 언어
데이터 엔지니어,바딧,서울,금천구,Python,프로그래밍 언어
데이터 엔지니어,바딧,서울,금천구,C,프로그래밍 언어
데이터 엔지니어,바딧,서울,금천구,C++,프로그래밍 언어
데이터 엔지니어,웅진씽크빅,서울,중구,iOS,운영체제
데이터 엔지니어,웅진씽크빅,서울,중구,Linux,운영체제
데이터 엔지니어,웅진씽크빅,서울,중구,MySQL,데이터베이스
데이터 엔지니어,웅진씽크빅,서울,중구,Java,프로그래밍 언어
데이터 엔지니어,웅진씽크빅,서울,중구,JavaScript,프로그래밍 언어
데이터 엔지니어,웅진씽크빅,서울,중구,Python,프로그래밍 언어
데이터 엔지니어,웅진씽크빅,서울,중구,AWS,인프라
데이터 엔지니어,웅진씽크빅,서울,중구,PostgreSQL,데이터베이스
데이터 엔지니어,디디에스,서울,금천구,Qt,프레임워크
데이터 엔지니어,디디에스,서울,금천구,OpenCV,라이브러리
데이터 엔지니어,바이오리서치에이아이,서울,강남구,Github,개발 도구
데이터 엔지니어,바이오리서치에이아이,서울,강남구,Python,프로그래밍 언어
데이터 엔지니어,바이오리서치에이아이,서울,강남구,AWS,인프라
데이터 엔지니어,누비랩,서울,강남구,Github,개발 도구
데이터 엔지니어,누비랩,서울,강남구,Python,프로그래밍 언어
데이터 엔지니어,누비랩,서울,강남구,AWS,인프라
데이터 엔지니어,누비랩,서울,강남구,OpenCV,라이브러리
데이터 엔지니어,콜리,서울,강남구,Github,개발 도구
데이터 엔지니어,콜리,서울,강남구,Linux,운영체제
데이터 엔지니어,콜리,서울,강남구,MySQL,데이터베이스
데이터 엔지니어,콜리,서울,강남구,Python,프로그래밍 언어
데이터 엔지니어,콜리,서울,강남구,AWS,인프라
데이터 엔지니어,아이하트,서울,금천구,Linux,운영체제
데이터 엔지니어,아이하트,서울,금천구,MySQL,데이터베이스
데이터 엔지니어,아이하트,서울,금천구,Java,프로그래밍 언어
데이터 엔지니어,보로노이,인천,연수구,Python,프로그래밍 언어
데이터 엔지니어,코넥시오에이치,서울,강남구,Linux,운영체제
데이터 엔지니어,코넥시오에이치,서울,강남구,Python,프로그래밍 언어
데이터 엔지니어,코넥시오에이치,서울,강남구,AWS,인프라
데이터 엔지니어,코넥시오에이치,서울,강남구,ElasticSearch,인프라
데이터 엔지니어,아토리서치,서울,서초구,Linux,운영체제
데이터 엔지니어,아토리서치,서울,서초구,Java,프로그래밍 언어
데이터 엔지니어,아토리서치,서울,서초구,Python,프로그래밍 언어
데이터 엔지니어,아토리서치,서울,서초구,C,프로그래밍 언어
데이터 엔지니어,넷스루,서울,성동구,Linux,운영체제
데이터 엔지니어,넷스루,서울,성동구,Python,프로그래밍 언어
데이터 엔지니어,씨드로닉스,서울,강남구,Linux,운영체제
데이터 엔지니어,씨드로닉스,서울,강남구,AWS,인프라
데이터 엔지니어,씨드로닉스,서울,강남구,PostgreSQL,데이터베이스
데이터 엔지니어,스튜디오사월,서울,종로구,Python,프로그래밍 언어
데이터 엔지니어,스튜디오사월,서울,종로구,AWS,인프라
데이터 엔지니어,누비랩,서울,강남구,Github,개발 도구
데이터 엔지니어,누비랩,서울,강남구,Python,프로그래밍 언어
데이터 엔지니어,누비랩,서울,강남구,AWS,인프라
데이터 엔지니어,누비랩,서울,강남구,OpenCV,라이브러리
데이터 엔지니어,모멘티움,서울,영등포구,JavaScript,프로그래밍 언어
데이터 엔지니어,모멘티움,서울,영등포구,Python,프로그래밍 언어
데이터 엔지니어,모멘티움,서울,영등포구,AWS,인프라
데이터 엔지니어,루센트블록,대전,유성구,JavaScript,프로그래밍 언어
데이터 엔지니어,루센트블록,대전,유성구,Python,프로그래밍 언어
데이터 엔지니어,샘표식품,서울,중구,C#,프로그래밍 언어
데이터 엔지니어,샘표식품,서울,중구,Java,프로그래밍 언어
데이터 엔지니어,샘표식품,서울,중구,JavaScript,프로그래밍 언어
데이터 엔지니어,샘표식품,서울,중구,Python,프로그래밍 언어
데이터 엔지니어,샘표식품,서울,중구,jQuery,라이브러리
데이터 엔지니어,메이아이,서울,강남구,MySQL,데이터베이스
데이터 엔지니어,메이아이,서울,강남구,Python,프로그래밍 언어
데이터 엔지니어,메이아이,서울,강남구,AWS,인프라
데이터 엔지니어,메이아이,서울,강남구,PostgreSQL,데이터베이스
데이터 엔지니어,머신앤비전,충남,천안시,Python,프로그래밍 언어
데이터 엔지니어,머신앤비전,충남,천안시,C++,프로그래밍 언어
데이터 엔지니어,에듀템,서울,마포구,JavaScript,프로그래밍 언어
데이터 엔지니어,에듀템,서울,마포구,HTML5,프로그래밍 언어
데이터 엔지니어,비주얼캠프,서울,서초구,Pytorch,라이브러리
데이터 엔지니어,비주얼캠프,서울,서초구,Tensorflow,라이브러리
데이터 엔지니어,비주얼캠프,서울,서초구,JavaScript,프로그래밍 언어
데이터 엔지니어,비주얼캠프,서울,서초구,Python,프로그래밍 언어
데이터 엔지니어,비주얼캠프,서울,서초구,AWS,인프라
데이터 엔지니어,비주얼캠프,서울,서초구,C++,프로그래밍 언어
안드로이드 개발자,아이도트,서울,송파구,Pytorch,라이브러리
안드로이드 개발자,아이도트,서울,송파구,Tensorflow,라이브러리
안드로이드 개발자,아이도트,서울,송파구,Python,프로그래밍 언어
안드로이드 개발자,팀프레시,서울,강남구,iOS,운영체제
안드로이드 개발자,팀프레시,서울,강남구,Swift,프로그래밍 언어
안드로이드 개발자,이지샵,서울,중구,Java,프로그래밍 언어
안드로이드 개발자,이지샵,서울,중구,AWS,인프라
안드로이드 개발자,오케이포스,서울,강남구,iOS,운영체제
안드로이드 개발자,오케이포스,서울,강남구,Swift,프로그래밍 언어
안드로이드 개발자,전능아이티,서울,서초구,.NET,프로그래밍 언어
안드로이드 개발자,전능아이티,서울,서초구,MySQL,데이터베이스
안드로이드 개발자,전능아이티,서울,서초구,C#,프로그래밍 언어
안드로이드 개발자,뉴아인,서울,구로구,Github,개발 도구
안드로이드 개발자,뉴아인,서울,구로구,iOS,운영체제
안드로이드 개발자,뉴아인,서울,구로구,Java,프로그래밍 언어
안드로이드 개발자,뉴아인,서울,구로구,Python,프로그래밍 언어
안드로이드 개발자,뉴아인,서울,구로구,Swift,프로그래밍 언어
안드로이드 개발자,뉴아인,서울,구로구,C,프로그래밍 언어
안드로이드 개발자,뉴아인,서울,구로구,AWS,인프라
안드로이드 개발자,지냅스,경기,성남시,Linux,운영체제
안드로이드 개발자,지냅스,경기,성남시,Java,프로그래밍 언어
안드로이드 개발자,퓨처커넥트(리브팜),서울,서초구,JavaScript,프로그래밍 언어
안드로이드 개발자,퓨처커넥트(리브팜),서울,서초구,AWS,인프라
안드로이드 개발자,퓨처커넥트(리브팜),서울,서초구,C++,프로그래밍 언어
안드로이드 개발자,데블록,경기,안양시,iOS,운영체제
안드로이드 개발자,데블록,경기,안양시,MySQL,데이터베이스
안드로이드 개발자,데블록,경기,안양시,Python,프로그래밍 언어
안드로이드 개발자,데블록,경기,안양시,Swift,프로그래밍 언어
안드로이드 개발자,데블록,경기,안양시,AWS,인프라
안드로이드 개발자,지큐브,경기,성남시,Java,프로그래밍 언어
안드로이드 개발자,지큐브,경기,성남시,C,프로그래밍 언어
안드로이드 개발자,지큐브,경기,성남시,C++,프로그래밍 언어
안드로이드 개발자,지큐브,경기,성남시,Qt,프레임워크
안드로이드 개발자,제이브로컴퍼니,서울,강남구,Java,프로그래밍 언어
안드로이드 개발자,우리요,전주,완산구,iOS,운영체제
안드로이드 개발자,우리요,전주,완산구,MySQL,데이터베이스
안드로이드 개발자,우리요,전주,완산구,Java,프로그래밍 언어
안드로이드 개발자,우리요,전주,완산구,PHP,프로그래밍 언어
안드로이드 개발자,우리요,전주,완산구,Swift,프로그래밍 언어
안드로이드 개발자,띵킹프렌즈,서울,강남구,C#,프로그래밍 언어
안드로이드 개발자,띵킹프렌즈,서울,강남구,Python,프로그래밍 언어
안드로이드 개발자,띵킹프렌즈,서울,강남구,AWS,인프라
안드로이드 개발자,맥스트(MAXST),서울,강남구,AWS,인프라
안드로이드 개발자,맥스트(MAXST),서울,강남구,AWS,인프라
안드로이드 개발자,이엘일렉트릭,충청,음성군,Github,개발 도구
안드로이드 개발자,이엘일렉트릭,충청,음성군,iOS,운영체제
안드로이드 개발자,이엘일렉트릭,충청,음성군,Linux,운영체제
안드로이드 개발자,이엘일렉트릭,충청,음성군,C#,프로그래밍 언어
안드로이드 개발자,이엘일렉트릭,충청,음성군,JavaScript,프로그래밍 언어
안드로이드 개발자,이엘일렉트릭,충청,음성군,AWS,인프라
안드로이드 개발자,블루버드(Bluebird),서울,강남구,Linux,운영체제
안드로이드 개발자,블루버드(Bluebird),서울,강남구,Java,프로그래밍 언어
안드로이드 개발자,쓰리알이노베이션,서울,서초구,MySQL,데이터베이스
안드로이드 개발자,쓰리알이노베이션,서울,서초구,JavaScript,프로그래밍 언어
안드로이드 개발자,쓰리알이노베이션,서울,서초구,Python,프로그래밍 언어
안드로이드 개발자,쓰리알이노베이션,서울,서초구,Swift,프로그래밍 언어
안드로이드 개발자,쓰리알이노베이션,서울,서초구,AWS,인프라
안드로이드 개발자,쓰리알이노베이션,서울,서초구,PostgreSQL,데이터베이스
안드로이드 개발자,블루버드(Bluebird),서울,강남구,Linux,운영체제
안드로이드 개발자,블루버드(Bluebird),서울,강남구,Java,프로그래밍 언어
안드로이드 개발자,비엘큐(테스트밸리),서울,강남구,Github,개발 도구
안드로이드 개발자,비엘큐(테스트밸리),서울,강남구,Java,프로그래밍 언어
안드로이드 개발자,비엘큐(테스트밸리),서울,강남구,AWS,인프라
안드로이드 개발자,큐램,경기,용인시,Github,개발 도구
안드로이드 개발자,큐램,경기,용인시,iOS,운영체제
안드로이드 개발자,큐램,경기,용인시,Linux,운영체제
안드로이드 개발자,큐램,경기,용인시,JavaScript,프로그래밍 언어
안드로이드 개발자,큐램,경기,용인시,Python,프로그래밍 언어
안드로이드 개발자,큐램,경기,용인시,C++,프로그래밍 언어
안드로이드 개발자,큐램,경기,용인시,OpenCV,라이브러리
안드로이드 개발자,띵킹프렌즈,서울,강남구,C#,프로그래밍 언어
안드로이드 개발자,띵킹프렌즈,서울,강남구,Python,프로그래밍 언어
안드로이드 개발자,띵킹프렌즈,서울,강남구,AWS,인프라
안드로이드 개발자,전능아이티,서울,서초구,.NET,프로그래밍 언어
안드로이드 개발자,전능아이티,서울,서초구,MySQL,데이터베이스
안드로이드 개발자,전능아이티,서울,서초구,C#,프로그래밍 언어
안드로이드 개발자,배달로나라를구하신,경기,고양시,Java,프로그래밍 언어
안드로이드 개발자,배달로나라를구하신,경기,고양시,AWS,인프라
Node.js 개발자,아트라미,대구,남구,Java,프로그래밍 언어
Node.js 개발자,아트라미,대구,남구,JavaScript,프로그래밍 언어
Node.js 개발자,아트라미,대구,남구,PHP,프로그래밍 언어
Node.js 개발자,아트라미,대구,남구,Python,프로그래밍 언어
Node.js 개발자,아트라미,대구,남구,AWS,인프라
Node.js 개발자,아트라미,대구,남구,PostgreSQL,데이터베이스
Node.js 개발자,아트라미,대구,남구,Java,프로그래밍 언어
Node.js 개발자,아트라미,대구,남구,JavaScript,프로그래밍 언어
Node.js 개발자,아트라미,대구,남구,PHP,프로그래밍 언어
Node.js 개발자,아트라미,대구,남구,Python,프로그래밍 언어
Node.js 개발자,아트라미,대구,남구,AWS,인프라
Node.js 개발자,아트라미,대구,남구,PostgreSQL,데이터베이스
Node.js 개발자,모니터랩,서울,구로구,Linux,운영체제
Node.js 개발자,디엔소프트,서울,금천구,MySQL,데이터베이스
Node.js 개발자,디엔소프트,서울,금천구,Redis,데이터베이스
Node.js 개발자,위티,서울,서초구,MySQL,데이터베이스
Node.js 개발자,테크스페이스,서울,강서구,MySQL,데이터베이스
Node.js 개발자,테크스페이스,서울,강서구,Redis,데이터베이스
Node.js 개발자,에스지코드랩,서울,강남구,Github,개발 도구
Node.js 개발자,에스지코드랩,서울,강남구,AWS,인프라
Node.js 개발자,이스트게임즈,서울,서초구,Linux,운영체제
Node.js 개발자,이스트게임즈,서울,서초구,MySQL,데이터베이스
Node.js 개발자,발란(BALAAN),서울,강남구,Github,개발 도구
Node.js 개발자,발란(BALAAN),서울,강남구,Linux,운영체제
Node.js 개발자,발란(BALAAN),서울,강남구,MySQL,데이터베이스
Node.js 개발자,발란(BALAAN),서울,강남구,Redis,데이터베이스
Node.js 개발자,발란(BALAAN),서울,강남구,JavaScript,프로그래밍 언어
Node.js 개발자,발란(BALAAN),서울,강남구,AWS,인프라
Node.js 개발자,발란(BALAAN),서울,강남구,jQuery,라이브러리
Node.js 개발자,발란(BALAAN),서울,강남구,HTML5,프로그래밍 언어
Node.js 개발자,발란(BALAAN),서울,강남구,ElasticSearch,인프라
Node.js 개발자,레몬클라우드,서울,송파구,Github,개발 도구
Node.js 개발자,레몬클라우드,서울,송파구,Tensorflow,라이브러리
Node.js 개발자,레몬클라우드,서울,송파구,Python,프로그래밍 언어
Node.js 개발자,레몬클라우드,서울,송파구,AWS,인프라
Node.js 개발자,레몬클라우드,서울,송파구,ElasticSearch,인프라
Node.js 개발자,선데이띵커,서울,마포구,JavaScript,프로그래밍 언어
Node.js 개발자,선데이띵커,서울,마포구,AWS,인프라
Node.js 개발자,선데이띵커,서울,마포구,jQuery,라이브러리
Node.js 개발자,선데이띵커,서울,마포구,HTML5,프로그래밍 언어
Node.js 개발자,휴톰,서울,마포구,MySQL,데이터베이스
Node.js 개발자,휴톰,서울,마포구,PostgreSQL,데이터베이스
Node.js 개발자,아바티(AVATYE),경기,성남시,JavaScript,프로그래밍 언어
Node.js 개발자,아바티(AVATYE),경기,성남시,AWS,인프라
Node.js 개발자,에이에프아이,서울,성동구,Java,프로그래밍 언어
Node.js 개발자,에이에프아이,서울,성동구,JavaScript,프로그래밍 언어
Node.js 개발자,에이에프아이,서울,성동구,AWS,인프라
Node.js 개발자,에이에프아이,서울,성동구,C++,프로그래밍 언어
Node.js 개발자,스카이링크,서울,관악구,JavaScript,프로그래밍 언어
Node.js 개발자,스카이링크,서울,관악구,AWS,인프라
Node.js 개발자,인포그랩,경기,성남시,AWS,인프라
Node.js 개발자,인포그랩,경기,성남시,PostgreSQL,데이터베이스
Node.js 개발자,구름,경기,성남시,Redis,데이터베이스
Node.js 개발자,구름,경기,성남시,Java,프로그래밍 언어
Node.js 개발자,구름,경기,성남시,JavaScript,프로그래밍 언어
Node.js 개발자,구름,경기,성남시,AWS,인프라
Node.js 개발자,구름,경기,성남시,jQuery,라이브러리
Node.js 개발자,구름,경기,성남시,ElasticSearch,인프라
Node.js 개발자,밀리만코리아(Milliman),서울,중구,Github,개발 도구
"시스템, 네트워크 관리자",엔터플,서울,영등포구,Github,개발 도구
"시스템, 네트워크 관리자",엔터플,서울,영등포구,Linux,운영체제
"시스템, 네트워크 관리자",엔터플,서울,영등포구,Java,프로그래밍 언어
"시스템, 네트워크 관리자",엔터플,서울,영등포구,JavaScript,프로그래밍 언어
"시스템, 네트워크 관리자",엔터플,서울,영등포구,C,프로그래밍 언어
"시스템, 네트워크 관리자",엔터플,서울,영등포구,AWS,인프라
"시스템, 네트워크 관리자",엔터플,서울,영등포구,C++,프로그래밍 언어
"시스템, 네트워크 관리자",엔터플,서울,영등포구,ElasticSearch,인프라
"시스템, 네트워크 관리자",아콘소프트,서울,강남구,Linux,운영체제
"시스템, 네트워크 관리자",바로저축은행,서울,강남구,Linux,운영체제
"시스템, 네트워크 관리자",바로저축은행,서울,강남구,JavaScript,프로그래밍 언어
"시스템, 네트워크 관리자",바로저축은행,서울,강남구,PHP,프로그래밍 언어
"시스템, 네트워크 관리자",바로저축은행,서울,강남구,Python,프로그래밍 언어
"시스템, 네트워크 관리자",아하랩스,경기,성남시,Pytorch,라이브러리
"시스템, 네트워크 관리자",아하랩스,경기,성남시,Tensorflow,라이브러리
"시스템, 네트워크 관리자",아하랩스,경기,성남시,Python,프로그래밍 언어
"시스템, 네트워크 관리자",클루닉스,서울,영등포구,Linux,운영체제
"시스템, 네트워크 관리자",클루닉스,서울,영등포구,MySQL,데이터베이스
"시스템, 네트워크 관리자",클루닉스,서울,영등포구,JavaScript,프로그래밍 언어
"시스템, 네트워크 관리자",클루닉스,서울,영등포구,PHP,프로그래밍 언어
"시스템, 네트워크 관리자",클루닉스,서울,영등포구,jQuery,라이브러리
"시스템, 네트워크 관리자",에이스랩,서울,강남구,Linux,운영체제
"시스템, 네트워크 관리자",에이스랩,서울,강남구,JavaScript,프로그래밍 언어
"시스템, 네트워크 관리자",에이스랩,서울,강남구,Python,프로그래밍 언어
"시스템, 네트워크 관리자",수산아이앤티,서울,강남구,Linux,운영체제
"시스템, 네트워크 관리자",아이알엠,서울,강남구,Linux,운영체제
"시스템, 네트워크 관리자",클러스터지원그룹,경기,군포시,Linux,운영체제
"시스템, 네트워크 관리자",클러스터지원그룹,경기,군포시,MySQL,데이터베이스
"시스템, 네트워크 관리자",클러스터지원그룹,경기,군포시,JavaScript,프로그래밍 언어
"시스템, 네트워크 관리자",클러스터지원그룹,경기,군포시,C,프로그래밍 언어
"시스템, 네트워크 관리자",클러스터지원그룹,경기,군포시,AWS,인프라
"시스템, 네트워크 관리자",이글루코퍼레이션,서울,송파구,Linux,운영체제
"시스템, 네트워크 관리자",이글루코퍼레이션,서울,송파구,JavaScript,프로그래밍 언어
"시스템, 네트워크 관리자",이글루코퍼레이션,서울,송파구,Python,프로그래밍 언어
"시스템, 네트워크 관리자",이글루코퍼레이션,서울,송파구,C++,프로그래밍 언어
"시스템, 네트워크 관리자",아이하트,서울,금천구,Linux,운영체제
"시스템, 네트워크 관리자",아이하트,서울,금천구,MySQL,데이터베이스
"시스템, 네트워크 관리자",아이하트,서울,금천구,Java,프로그래밍 언어
"시스템, 네트워크 관리자",소프트베르크,서울,강남구,Linux,운영체제
"시스템, 네트워크 관리자",티엔에이치,경기,성남시,Github,개발 도구
"시스템, 네트워크 관리자",티엔에이치,경기,성남시,Linux,운영체제
"시스템, 네트워크 관리자",티엔에이치,경기,성남시,MySQL,데이터베이스
"시스템, 네트워크 관리자",티엔에이치,경기,성남시,Python,프로그래밍 언어
"시스템, 네트워크 관리자",티엔에이치,경기,성남시,AWS,인프라
"시스템, 네트워크 관리자",에이스랩,서울,강남구,Linux,운영체제
"시스템, 네트워크 관리자",에이스랩,서울,강남구,JavaScript,프로그래밍 언어
"시스템, 네트워크 관리자",에이스랩,서울,강남구,Python,프로그래밍 언어
"시스템, 네트워크 관리자",이스트게임즈,서울,서초구,Linux,운영체제
"시스템, 네트워크 관리자",이스트게임즈,서울,서초구,MySQL,데이터베이스
"시스템, 네트워크 관리자",샘표식품,서울,중구,C#,프로그래밍 언어
"시스템, 네트워크 관리자",샘표식품,서울,중구,Java,프로그래밍 언어
"시스템, 네트워크 관리자",샘표식품,서울,중구,JavaScript,프로그래밍 언어
"시스템, 네트워크 관리자",샘표식품,서울,중구,Python,프로그래밍 언어
"시스템, 네트워크 관리자",샘표식품,서울,중구,jQuery,라이브러리
"시스템, 네트워크 관리자",자이닉스,서울,구로구,.NET,프로그래밍 언어
"시스템, 네트워크 관리자",자이닉스,서울,구로구,PHP,프로그래밍 언어
"시스템, 네트워크 관리자",자이닉스,서울,구로구,WPF,프레임워크
"시스템, 네트워크 관리자",다산네트웍솔루션즈,경기,성남시,Linux,운영체제
"시스템, 네트워크 관리자",다산네트웍솔루션즈,경기,성남시,Python,프로그래밍 언어
"시스템, 네트워크 관리자",다산네트웍솔루션즈,경기,성남시,C,프로그래밍 언어
"시스템, 네트워크 관리자",다산네트웍솔루션즈,경기,성남시,C++,프로그래밍 언어
"시스템, 네트워크 관리자",엘림넷,서울,금천구,MySQL,데이터베이스
"시스템, 네트워크 관리자",엘림넷,서울,금천구,JavaScript,프로그래밍 언어
"시스템, 네트워크 관리자",엘림넷,서울,금천구,PHP,프로그래밍 언어
"시스템, 네트워크 관리자",엘림넷,서울,금천구,jQuery,라이브러리
"시스템, 네트워크 관리자",자이닉스,서울,구로구,.NET,프로그래밍 언어
"시스템, 네트워크 관리자",자이닉스,서울,구로구,PHP,프로그래밍 언어
"시스템, 네트워크 관리자",자이닉스,서울,구로구,WPF,프레임워크
"시스템, 네트워크 관리자",이스트게임즈,서울,서초구,Linux,운영체제
"시스템, 네트워크 관리자",이스트게임즈,서울,서초구,MySQL,데이터베이스
"시스템, 네트워크 관리자",한국전자인증,수원,영통구,Linux,운영체제
"시스템, 네트워크 관리자",오픈소스컨설팅,서울,강남구,Linux,운영체제
"시스템, 네트워크 관리자",오픈소스컨설팅,서울,강남구,Python,프로그래밍 언어
"시스템, 네트워크 관리자",오픈소스컨설팅,서울,강남구,Linux,운영체제
"시스템, 네트워크 관리자",오픈소스컨설팅,서울,강남구,Python,프로그래밍 언어
DevOps / 시스템 관리자,스탬퍼,서울,강남구,Linux,운영체제
DevOps / 시스템 관리자,스탬퍼,서울,강남구,MySQL,데이터베이스
DevOps / 시스템 관리자,스탬퍼,서울,강남구,AWS,인프라
DevOps / 시스템 관리자,스탬퍼,서울,강남구,PostgreSQL,데이터베이스
DevOps / 시스템 관리자,아콘소프트,서울,강남구,Linux,운영체제
DevOps / 시스템 관리자,아하랩스,경기,성남시,Pytorch,라이브러리
DevOps / 시스템 관리자,아하랩스,경기,성남시,Tensorflow,라이브러리
DevOps / 시스템 관리자,아하랩스,경기,성남시,Python,프로그래밍 언어
DevOps / 시스템 관리자,클루닉스,서울,영등포구,Linux,운영체제
DevOps / 시스템 관리자,클루닉스,서울,영등포구,MySQL,데이터베이스
DevOps / 시스템 관리자,클루닉스,서울,영등포구,JavaScript,프로그래밍 언어
DevOps / 시스템 관리자,클루닉스,서울,영등포구,PHP,프로그래밍 언어
DevOps / 시스템 관리자,클루닉스,서울,영등포구,jQuery,라이브러리
DevOps / 시스템 관리자,인포유앤컴퍼니,서울,성동구,MySQL,데이터베이스
DevOps / 시스템 관리자,인포유앤컴퍼니,서울,성동구,JavaScript,프로그래밍 언어
DevOps / 시스템 관리자,휴톰,서울,마포구,MySQL,데이터베이스
DevOps / 시스템 관리자,휴톰,서울,마포구,PostgreSQL,데이터베이스
DevOps / 시스템 관리자,에이스랩,서울,강남구,Linux,운영체제
DevOps / 시스템 관리자,에이스랩,서울,강남구,JavaScript,프로그래밍 언어
DevOps / 시스템 관리자,에이스랩,서울,강남구,Python,프로그래밍 언어
DevOps / 시스템 관리자,아이알엠,서울,강남구,Linux,운영체제
DevOps / 시스템 관리자,클러스터지원그룹,경기,군포시,Linux,운영체제
DevOps / 시스템 관리자,클러스터지원그룹,경기,군포시,MySQL,데이터베이스
DevOps / 시스템 관리자,클러스터지원그룹,경기,군포시,JavaScript,프로그래밍 언어
DevOps / 시스템 관리자,클러스터지원그룹,경기,군포시,C,프로그래밍 언어
DevOps / 시스템 관리자,클러스터지원그룹,경기,군포시,AWS,인프라
DevOps / 시스템 관리자,웅진씽크빅,서울,중구,iOS,운영체제
DevOps / 시스템 관리자,웅진씽크빅,서울,중구,Linux,운영체제
DevOps / 시스템 관리자,웅진씽크빅,서울,중구,MySQL,데이터베이스
DevOps / 시스템 관리자,웅진씽크빅,서울,중구,Java,프로그래밍 언어
DevOps / 시스템 관리자,웅진씽크빅,서울,중구,JavaScript,프로그래밍 언어
DevOps / 시스템 관리자,웅진씽크빅,서울,중구,Python,프로그래밍 언어
DevOps / 시스템 관리자,웅진씽크빅,서울,중구,AWS,인프라
DevOps / 시스템 관리자,웅진씽크빅,서울,중구,PostgreSQL,데이터베이스
DevOps / 시스템 관리자,에스지코드랩,서울,강남구,Github,개발 도구
DevOps / 시스템 관리자,에스지코드랩,서울,강남구,AWS,인프라
iOS 개발자,엠클라우독,서울,강남구,MySQL,데이터베이스
iOS 개발자,엠클라우독,서울,강남구,Java,프로그래밍 언어
iOS 개발자,엠클라우독,서울,강남구,JavaScript,프로그래밍 언어
iOS 개발자,엠클라우독,서울,강남구,Swift,프로그래밍 언어
iOS 개발자,뉴아인,서울,구로구,Github,개발 도구
iOS 개발자,뉴아인,서울,구로구,iOS,운영체제
iOS 개발자,뉴아인,서울,구로구,Java,프로그래밍 언어
iOS 개발자,뉴아인,서울,구로구,Python,프로그래밍 언어
iOS 개발자,뉴아인,서울,구로구,Swift,프로그래밍 언어
iOS 개발자,뉴아인,서울,구로구,C,프로그래밍 언어
iOS 개발자,뉴아인,서울,구로구,AWS,인프라
iOS 개발자,퓨처커넥트(리브팜),서울,서초구,JavaScript,프로그래밍 언어
iOS 개발자,퓨처커넥트(리브팜),서울,서초구,AWS,인프라
iOS 개발자,퓨처커넥트(리브팜),서울,서초구,C++,프로그래밍 언어
iOS 개발자,띵킹프렌즈,서울,강남구,C#,프로그래밍 언어
iOS 개발자,띵킹프렌즈,서울,강남구,Python,프로그래밍 언어
iOS 개발자,띵킹프렌즈,서울,강남구,AWS,인프라
iOS 개발자,맥스트(MAXST),서울,강남구,AWS,인프라
iOS 개발자,맥스트(MAXST),서울,강남구,AWS,인프라
iOS 개발자,리보,인천,연수구,iOS,운영체제
iOS 개발자,리보,인천,연수구,Swift,프로그래밍 언어
iOS 개발자,비엘큐(테스트밸리),서울,강남구,Github,개발 도구
iOS 개발자,비엘큐(테스트밸리),서울,강남구,Java,프로그래밍 언어
iOS 개발자,비엘큐(테스트밸리),서울,강남구,AWS,인프라
iOS 개발자,띵킹프렌즈,서울,강남구,C#,프로그래밍 언어
iOS 개발자,띵킹프렌즈,서울,강남구,Python,프로그래밍 언어
iOS 개발자,띵킹프렌즈,서울,강남구,AWS,인프라
임베디드 개발자,비트센싱,경기,성남시,C#,프로그래밍 언어
임베디드 개발자,비트센싱,경기,성남시,Python,프로그래밍 언어
임베디드 개발자,비트센싱,경기,성남시,C,프로그래밍 언어
임베디드 개발자,에이디알에프코리아,경기,이천시,Linux,운영체제
임베디드 개발자,에이디알에프코리아,경기,이천시,Python,프로그래밍 언어
임베디드 개발자,에이디알에프코리아,경기,이천시,C++,프로그래밍 언어
임베디드 개발자,하이보,서울,서초구,Linux,운영체제
임베디드 개발자,하이보,서울,서초구,Python,프로그래밍 언어
임베디드 개발자,스카이랩스(SkyLabs),경기,성남시,iOS,운영체제
임베디드 개발자,스카이랩스(SkyLabs),경기,성남시,MySQL,데이터베이스
임베디드 개발자,스카이랩스(SkyLabs),경기,성남시,Pytorch,라이브러리
임베디드 개발자,스카이랩스(SkyLabs),경기,성남시,Tensorflow,라이브러리
임베디드 개발자,스카이랩스(SkyLabs),경기,성남시,Java,프로그래밍 언어
임베디드 개발자,스카이랩스(SkyLabs),경기,성남시,JavaScript,프로그래밍 언어
임베디드 개발자,스카이랩스(SkyLabs),경기,성남시,Python,프로그래밍 언어
임베디드 개발자,스카이랩스(SkyLabs),경기,성남시,Swift,프로그래밍 언어
임베디드 개발자,스카이랩스(SkyLabs),경기,성남시,AWS,인프라
임베디드 개발자,아이엠에스커넥트,서울,광진구,Github,개발 도구
임베디드 개발자,아이엠에스커넥트,서울,광진구,iOS,운영체제
임베디드 개발자,아이엠에스커넥트,서울,광진구,Linux,운영체제
임베디드 개발자,아이엠에스커넥트,서울,광진구,MySQL,데이터베이스
임베디드 개발자,아이엠에스커넥트,서울,광진구,Java,프로그래밍 언어
임베디드 개발자,아이엠에스커넥트,서울,광진구,JavaScript,프로그래밍 언어
임베디드 개발자,아이엠에스커넥트,서울,광진구,PHP,프로그래밍 언어
임베디드 개발자,아이엠에스커넥트,서울,광진구,Python,프로그래밍 언어
임베디드 개발자,아이엠에스커넥트,서울,광진구,Swift,프로그래밍 언어
임베디드 개발자,아이엠에스커넥트,서울,광진구,AWS,인프라
임베디드 개발자,아이엠에스커넥트,서울,광진구,C++,프로그래밍 언어
임베디드 개발자,한국해양기상기술,서울,구로구,Github,개발 도구
임베디드 개발자,한국해양기상기술,서울,구로구,Linux,운영체제
임베디드 개발자,한국해양기상기술,서울,구로구,Python,프로그래밍 언어
임베디드 개발자,한국해양기상기술,서울,구로구,PostgreSQL,데이터베이스
임베디드 개발자,옵트에이아이,서울,강서구,Python,프로그래밍 언어
임베디드 개발자,바딧,서울,금천구,Github,개발 도구
임베디드 개발자,바딧,서울,금천구,Pytorch,라이브러리
임베디드 개발자,바딧,서울,금천구,Tensorflow,라이브러리
임베디드 개발자,바딧,서울,금천구,JavaScript,프로그래밍 언어
임베디드 개발자,바딧,서울,금천구,PHP,프로그래밍 언어
임베디드 개발자,바딧,서울,금천구,Python,프로그래밍 언어
임베디드 개발자,바딧,서울,금천구,C,프로그래밍 언어
임베디드 개발자,바딧,서울,금천구,C++,프로그래밍 언어
임베디드 개발자,셀플러스코리아,경기,안양시,Linux,운영체제
임베디드 개발자,셀플러스코리아,경기,안양시,Linux,운영체제
임베디드 개발자,윔,대구,북구,Pytorch,라이브러리
임베디드 개발자,윔,대구,북구,Python,프로그래밍 언어
임베디드 개발자,모빌테크,서울,서초구,Python,프로그래밍 언어
임베디드 개발자,우나스텔라,서울,마포구,Linux,운영체제
임베디드 개발자,우나스텔라,서울,마포구,Python,프로그래밍 언어
임베디드 개발자,우나스텔라,서울,마포구,C++,프로그래밍 언어
임베디드 개발자,우나스텔라,서울,마포구,WPF,프레임워크
임베디드 개발자,우나스텔라,서울,마포구,Qt,프레임워크
임베디드 개발자,우나스텔라,서울,마포구,Linux,운영체제
임베디드 개발자,우나스텔라,서울,마포구,Python,프로그래밍 언어
임베디드 개발자,우나스텔라,서울,마포구,C++,프로그래밍 언어
임베디드 개발자,우나스텔라,서울,마포구,WPF,프레임워크
임베디드 개발자,우나스텔라,서울,마포구,Qt,프레임워크
임베디드 개발자,삼지전자,경기,화성시,ORCAD,개발 방법론 및 프로세스
임베디드 개발자,지냅스,경기,성남시,Linux,운영체제
임베디드 개발자,지냅스,경기,성남시,Java,프로그래밍 언어
임베디드 개발자,엣지크로스,서울,금천구,AWS,인프라
임베디드 개발자,레지에나,서울,강서구,ORCAD,개발 방법론 및 프로세스
임베디드 개발자,레지에나,서울,강서구,PADS,개발 방법론 및 프로세스
임베디드 개발자,슈어소프트테크,경기,성남시,C#,프로그래밍 언어
임베디드 개발자,슈어소프트테크,경기,성남시,Java,프로그래밍 언어
임베디드 개발자,슈어소프트테크,경기,성남시,Python,프로그래밍 언어
임베디드 개발자,슈어소프트테크,경기,성남시,C++,프로그래밍 언어
임베디드 개발자,슈어소프트테크,경기,성남시,C#,프로그래밍 언어
임베디드 개발자,슈어소프트테크,경기,성남시,Java,프로그래밍 언어
임베디드 개발자,슈어소프트테크,경기,성남시,Python,프로그래밍 언어
임베디드 개발자,슈어소프트테크,경기,성남시,C++,프로그래밍 언어
개발 매니저,엔터플,서울,영등포구,Github,개발 도구
개발 매니저,엔터플,서울,영등포구,Linux,운영체제
개발 매니저,엔터플,서울,영등포구,Java,프로그래밍 언어
개발 매니저,엔터플,서울,영등포구,JavaScript,프로그래밍 언어
개발 매니저,엔터플,서울,영등포구,C,프로그래밍 언어
개발 매니저,엔터플,서울,영등포구,AWS,인프라
개발 매니저,엔터플,서울,영등포구,C++,프로그래밍 언어
개발 매니저,엔터플,서울,영등포구,ElasticSearch,인프라
개발 매니저,에이엠텔레콤,경기,성남시,Linux,운영체제
개발 매니저,에이엠텔레콤,경기,성남시,Python,프로그래밍 언어
개발 매니저,브이엠에스솔루션스,경기,평택시,C#,프로그래밍 언어
개발 매니저,브이엠에스솔루션스,경기,평택시,Java,프로그래밍 언어
개발 매니저,브이엠에스솔루션스,경기,용인시,C#,프로그래밍 언어
개발 매니저,브이엠에스솔루션스,경기,용인시,Java,프로그래밍 언어
개발 매니저,브이엠에스솔루션스,경기,용인시,C#,프로그래밍 언어
개발 매니저,브이엠에스솔루션스,경기,용인시,Java,프로그래밍 언어
개발 매니저,모라이(MORAI),서울,강남구,C#,프로그래밍 언어
개발 매니저,모라이(MORAI),서울,강남구,Python,프로그래밍 언어
개발 매니저,모라이(MORAI),서울,강남구,AWS,인프라
개발 매니저,모라이(MORAI),서울,강남구,C++,프로그래밍 언어
개발 매니저,디지털존마포지점,서울,마포구,Java,프로그래밍 언어
개발 매니저,디지털존마포지점,서울,마포구,JavaScript,프로그래밍 언어
기술지원,엔터플,서울,영등포구,Github,개발 도구
기술지원,엔터플,서울,영등포구,Linux,운영체제
기술지원,엔터플,서울,영등포구,Java,프로그래밍 언어
기술지원,엔터플,서울,영등포구,JavaScript,프로그래밍 언어
기술지원,엔터플,서울,영등포구,C,프로그래밍 언어
기술지원,엔터플,서울,영등포구,AWS,인프라
기술지원,엔터플,서울,영등포구,C++,프로그래밍 언어
기술지원,엔터플,서울,영등포구,ElasticSearch,인프라
기술지원,엔터플,서울,영등포구,Github,개발 도구
기술지원,엔터플,서울,영등포구,Linux,운영체제
기술지원,엔터플,서울,영등포구,Java,프로그래밍 언어
기술지원,엔터플,서울,영등포구,JavaScript,프로그래밍 언어
기술지원,엔터플,서울,영등포구,C,프로그래밍 언어
기술지원,엔터플,서울,영등포구,AWS,인프라
기술지원,엔터플,서울,영등포구,C++,프로그래밍 언어
기술지원,엔터플,서울,영등포구,ElasticSearch,인프라
기술지원,기웅정보통신,서울,금천구,Linux,운영체제
기술지원,기웅정보통신,서울,금천구,MySQL,데이터베이스
기술지원,기웅정보통신,서울,금천구,C#,프로그래밍 언어
기술지원,기웅정보통신,서울,금천구,Java,프로그래밍 언어
기술지원,기웅정보통신,서울,금천구,C,프로그래밍 언어
기술지원,아하랩스,경기,성남시,Pytorch,라이브러리
기술지원,아하랩스,경기,성남시,Tensorflow,라이브러리
기술지원,아하랩스,경기,성남시,Python,프로그래밍 언어
기술지원,에이프리카,서울,금천구,Linux,운영체제
기술지원,수산아이앤티,서울,강남구,Linux,운영체제
기술지원,아이알엠,서울,강남구,Linux,운영체제
기술지원,이글루코퍼레이션,서울,송파구,Linux,운영체제
기술지원,이글루코퍼레이션,서울,송파구,JavaScript,프로그래밍 언어
기술지원,이글루코퍼레이션,서울,송파구,Python,프로그래밍 언어
기술지원,이글루코퍼레이션,서울,송파구,C++,프로그래밍 언어
기술지원,이파피루스,경기,성남시,Java,프로그래밍 언어
기술지원,아이하트,서울,금천구,Linux,운영체제
기술지원,아이하트,서울,금천구,MySQL,데이터베이스
기술지원,아이하트,서울,금천구,Java,프로그래밍 언어
기술지원,소프트베르크,서울,강남구,Linux,운영체제
기술지원,넷스루,서울,성동구,Linux,운영체제
기술지원,넷스루,서울,성동구,Python,프로그래밍 언어
기술지원,텔코웨어,서울,서초구,Linux,운영체제
기술지원,텔코웨어,서울,서초구,C,프로그래밍 언어
기술지원,자이닉스,서울,구로구,.NET,프로그래밍 언어
기술지원,자이닉스,서울,구로구,PHP,프로그래밍 언어
기술지원,자이닉스,서울,구로구,WPF,프레임워크
기술지원,오픈소스컨설팅,서울,강남구,Linux,운영체제
기술지원,오픈소스컨설팅,서울,강남구,Python,프로그래밍 언어
기술지원,엘림넷,서울,금천구,MySQL,데이터베이스
기술지원,엘림넷,서울,금천구,JavaScript,프로그래밍 언어
기술지원,엘림넷,서울,금천구,PHP,프로그래밍 언어
기술지원,엘림넷,서울,금천구,jQuery,라이브러리
기술지원,자이닉스,서울,구로구,.NET,프로그래밍 언어
기술지원,자이닉스,서울,구로구,PHP,프로그래밍 언어
기술지원,자이닉스,서울,구로구,WPF,프레임워크
기술지원,오픈소스컨설팅,서울,강남구,Linux,운영체제
기술지원,오픈소스컨설팅,서울,강남구,Python,프로그래밍 언어
데이터 사이언티스트,보로노이,인천,연수구,Python,프로그래밍 언어
데이터 사이언티스트,루먼랩,서울,송파구,MySQL,데이터베이스
데이터 사이언티스트,루먼랩,서울,송파구,Java,프로그래밍 언어
데이터 사이언티스트,테파로보틱스,서울,강남구,Python,프로그래밍 언어
데이터 사이언티스트,디피니트,서울,마포구,Linux,운영체제
데이터 사이언티스트,디피니트,서울,마포구,MySQL,데이터베이스
데이터 사이언티스트,디피니트,서울,마포구,Pytorch,라이브러리
데이터 사이언티스트,디피니트,서울,마포구,Tensorflow,라이브러리
데이터 사이언티스트,디피니트,서울,마포구,JavaScript,프로그래밍 언어
데이터 사이언티스트,디피니트,서울,마포구,Python,프로그래밍 언어
데이터 사이언티스트,디피니트,서울,마포구,AWS,인프라
데이터 사이언티스트,로민,서울,서초구,Linux,운영체제
데이터 사이언티스트,로민,서울,서초구,Python,프로그래밍 언어
데이터 사이언티스트,로민,서울,서초구,Linux,운영체제
데이터 사이언티스트,로민,서울,서초구,Python,프로그래밍 언어
데이터 사이언티스트,에스투더블유(S2W),경기,성남시,Python,프로그래밍 언어
데이터 사이언티스트,에스투더블유(S2W),경기,성남시,ElasticSearch,인프라
데이터 사이언티스트,스카이랩스(SkyLabs),경기,성남시,iOS,운영체제
데이터 사이언티스트,스카이랩스(SkyLabs),경기,성남시,MySQL,데이터베이스
데이터 사이언티스트,스카이랩스(SkyLabs),경기,성남시,Pytorch,라이브러리
데이터 사이언티스트,스카이랩스(SkyLabs),경기,성남시,Tensorflow,라이브러리
데이터 사이언티스트,스카이랩스(SkyLabs),경기,성남시,Java,프로그래밍 언어
데이터 사이언티스트,스카이랩스(SkyLabs),경기,성남시,JavaScript,프로그래밍 언어
데이터 사이언티스트,스카이랩스(SkyLabs),경기,성남시,Python,프로그래밍 언어
데이터 사이언티스트,스카이랩스(SkyLabs),경기,성남시,Swift,프로그래밍 언어
데이터 사이언티스트,스카이랩스(SkyLabs),경기,성남시,AWS,인프라
데이터 사이언티스트,해긴,서울,구로구,Python,프로그래밍 언어
데이터 사이언티스트,해긴,서울,구로구,AWS,인프라
데이터 사이언티스트,인포시즈,서울,강남구,Python,프로그래밍 언어
데이터 사이언티스트,메디웨일,서울,구로구,Github,개발 도구
데이터 사이언티스트,메디웨일,서울,구로구,C#,프로그래밍 언어
데이터 사이언티스트,메디웨일,서울,구로구,Python,프로그래밍 언어
데이터 사이언티스트,메디웨일,서울,구로구,C,프로그래밍 언어
데이터 사이언티스트,메디웨일,서울,구로구,AWS,인프라
데이터 사이언티스트,메디웨일,서울,구로구,WPF,프레임워크
데이터 사이언티스트,이몰디노(eMoldino),서울,중구,Python,프로그래밍 언어
데이터 사이언티스트,아템드메라키,서울,서초구,AWS,인프라
데이터 사이언티스트,시프트업,서울,서초구,Pytorch,라이브러리
데이터 사이언티스트,시프트업,서울,서초구,Tensorflow,라이브러리
데이터 사이언티스트,시프트업,서울,서초구,Python,프로그래밍 언어
데이터 사이언티스트,펀진,서울,성동구,MySQL,데이터베이스
데이터 사이언티스트,펀진,서울,성동구,Java,프로그래밍 언어
데이터 사이언티스트,펀진,서울,성동구,C,프로그래밍 언어
데이터 사이언티스트,펀진,서울,성동구,C++,프로그래밍 언어
데이터 사이언티스트,코너스톤파트너스디지털,서울,강남구,MySQL,데이터베이스
데이터 사이언티스트,코너스톤파트너스디지털,서울,강남구,Python,프로그래밍 언어
데이터 사이언티스트,바딧,서울,금천구,Github,개발 도구
데이터 사이언티스트,바딧,서울,금천구,Pytorch,라이브러리
데이터 사이언티스트,바딧,서울,금천구,Tensorflow,라이브러리
데이터 사이언티스트,바딧,서울,금천구,JavaScript,프로그래밍 언어
데이터 사이언티스트,바딧,서울,금천구,PHP,프로그래밍 언어
데이터 사이언티스트,바딧,서울,금천구,Python,프로그래밍 언어
데이터 사이언티스트,바딧,서울,금천구,C,프로그래밍 언어
데이터 사이언티스트,바딧,서울,금천구,C++,프로그래밍 언어
데이터 사이언티스트,웅진씽크빅,서울,중구,iOS,운영체제
데이터 사이언티스트,웅진씽크빅,서울,중구,Linux,운영체제
데이터 사이언티스트,웅진씽크빅,서울,중구,MySQL,데이터베이스
데이터 사이언티스트,웅진씽크빅,서울,중구,Java,프로그래밍 언어
데이터 사이언티스트,웅진씽크빅,서울,중구,JavaScript,프로그래밍 언어
데이터 사이언티스트,웅진씽크빅,서울,중구,Python,프로그래밍 언어
데이터 사이언티스트,웅진씽크빅,서울,중구,AWS,인프라
데이터 사이언티스트,웅진씽크빅,서울,중구,PostgreSQL,데이터베이스
데이터 사이언티스트,에너닷,서울,서초구,Python,프로그래밍 언어
데이터 사이언티스트,에너닷,서울,서초구,AWS,인프라
데이터 사이언티스트,보로노이,인천,연수구,Python,프로그래밍 언어
데이터 사이언티스트,코넥시오에이치,서울,강남구,Linux,운영체제
데이터 사이언티스트,코넥시오에이치,서울,강남구,Python,프로그래밍 언어
데이터 사이언티스트,코넥시오에이치,서울,강남구,AWS,인프라
데이터 사이언티스트,코넥시오에이치,서울,강남구,ElasticSearch,인프라
데이터 사이언티스트,디메타,서울,강남구,JavaScript,프로그래밍 언어
데이터 사이언티스트,모멘티움,서울,영등포구,JavaScript,프로그래밍 언어
데이터 사이언티스트,모멘티움,서울,영등포구,Python,프로그래밍 언어
데이터 사이언티스트,모멘티움,서울,영등포구,AWS,인프라
데이터 사이언티스트,마키나락스,서울,서초구,Linux,운영체제
데이터 사이언티스트,마키나락스,서울,서초구,Java,프로그래밍 언어
데이터 사이언티스트,마키나락스,서울,서초구,AWS,인프라
데이터 사이언티스트,마키나락스,서울,서초구,PostgreSQL,데이터베이스
데이터 사이언티스트,비주얼캠프,서울,서초구,Pytorch,라이브러리
데이터 사이언티스트,비주얼캠프,서울,서초구,Tensorflow,라이브러리
데이터 사이언티스트,비주얼캠프,서울,서초구,JavaScript,프로그래밍 언어
데이터 사이언티스트,비주얼캠프,서울,서초구,Python,프로그래밍 언어
데이터 사이언티스트,비주얼캠프,서울,서초구,AWS,인프라
데이터 사이언티스트,비주얼캠프,서울,서초구,C++,프로그래밍 언어
"QA, 테스트 엔지니어",큐브리드,서울,강남구,Linux,운영체제
"QA, 테스트 엔지니어",큐브리드,서울,강남구,Java,프로그래밍 언어
"QA, 테스트 엔지니어",다임리서치,서울,서초구,.NET,프로그래밍 언어
"QA, 테스트 엔지니어",다임리서치,서울,서초구,Pytorch,라이브러리
"QA, 테스트 엔지니어",다임리서치,서울,서초구,C#,프로그래밍 언어
"QA, 테스트 엔지니어",다임리서치,서울,서초구,Java,프로그래밍 언어
"QA, 테스트 엔지니어",다임리서치,서울,서초구,JavaScript,프로그래밍 언어
"QA, 테스트 엔지니어",다임리서치,서울,서초구,Python,프로그래밍 언어
"QA, 테스트 엔지니어",다임리서치,서울,서초구,C++,프로그래밍 언어
"QA, 테스트 엔지니어",다임리서치,서울,서초구,PostgreSQL,데이터베이스
"QA, 테스트 엔지니어",아이엠에스커넥트,서울,광진구,Github,개발 도구
"QA, 테스트 엔지니어",아이엠에스커넥트,서울,광진구,iOS,운영체제
"QA, 테스트 엔지니어",아이엠에스커넥트,서울,광진구,Linux,운영체제
"QA, 테스트 엔지니어",아이엠에스커넥트,서울,광진구,MySQL,데이터베이스
"QA, 테스트 엔지니어",아이엠에스커넥트,서울,광진구,Java,프로그래밍 언어
"QA, 테스트 엔지니어",아이엠에스커넥트,서울,광진구,JavaScript,프로그래밍 언어
"QA, 테스트 엔지니어",아이엠에스커넥트,서울,광진구,PHP,프로그래밍 언어
"QA, 테스트 엔지니어",아이엠에스커넥트,서울,광진구,Python,프로그래밍 언어
"QA, 테스트 엔지니어",아이엠에스커넥트,서울,광진구,Swift,프로그래밍 언어
"QA, 테스트 엔지니어",아이엠에스커넥트,서울,광진구,AWS,인프라
"QA, 테스트 엔지니어",아이엠에스커넥트,서울,광진구,C++,프로그래밍 언어
"QA, 테스트 엔지니어",지란지교소프트,대전,유성구,MySQL,데이터베이스
"QA, 테스트 엔지니어",지란지교소프트,대전,유성구,Redis,데이터베이스
"QA, 테스트 엔지니어",지란지교소프트,대전,유성구,JavaScript,프로그래밍 언어
"QA, 테스트 엔지니어",지란지교소프트,대전,유성구,PHP,프로그래밍 언어
"QA, 테스트 엔지니어",지란지교소프트,대전,유성구,AWS,인프라
"QA, 테스트 엔지니어",지란지교소프트,대전,유성구,PostgreSQL,데이터베이스
하드웨어 엔지니어,에이디알에프코리아,경기,이천시,Linux,운영체제
하드웨어 엔지니어,에이디알에프코리아,경기,이천시,Python,프로그래밍 언어
하드웨어 엔지니어,에이디알에프코리아,경기,이천시,C++,프로그래밍 언어
하드웨어 엔지니어,에이디알에프코리아,경기,이천시,Linux,운영체제
하드웨어 엔지니어,에이디알에프코리아,경기,이천시,Python,프로그래밍 언어
하드웨어 엔지니어,에이디알에프코리아,경기,이천시,C++,프로그래밍 언어
하드웨어 엔지니어,에이엠텔레콤,경기,성남시,Linux,운영체제
하드웨어 엔지니어,에이엠텔레콤,경기,성남시,Python,프로그래밍 언어
하드웨어 엔지니어,아이엠에스커넥트,서울,광진구,Github,개발 도구
하드웨어 엔지니어,아이엠에스커넥트,서울,광진구,iOS,운영체제
하드웨어 엔지니어,아이엠에스커넥트,서울,광진구,Linux,운영체제
하드웨어 엔지니어,아이엠에스커넥트,서울,광진구,MySQL,데이터베이스
하드웨어 엔지니어,아이엠에스커넥트,서울,광진구,Java,프로그래밍 언어
하드웨어 엔지니어,아이엠에스커넥트,서울,광진구,JavaScript,프로그래밍 언어
하드웨어 엔지니어,아이엠에스커넥트,서울,광진구,PHP,프로그래밍 언어
하드웨어 엔지니어,아이엠에스커넥트,서울,광진구,Python,프로그래밍 언어
하드웨어 엔지니어,아이엠에스커넥트,서울,광진구,Swift,프로그래밍 언어
하드웨어 엔지니어,아이엠에스커넥트,서울,광진구,AWS,인프라
하드웨어 엔지니어,아이엠에스커넥트,서울,광진구,C++,프로그래밍 언어
하드웨어 엔지니어,한국해양기상기술,서울,구로구,Github,개발 도구
하드웨어 엔지니어,한국해양기상기술,서울,구로구,Linux,운영체제
하드웨어 엔지니어,한국해양기상기술,서울,구로구,Python,프로그래밍 언어
하드웨어 엔지니어,한국해양기상기술,서울,구로구,PostgreSQL,데이터베이스
하드웨어 엔지니어,텔레픽스,대전,유성구,Linux,운영체제
하드웨어 엔지니어,텔레픽스,대전,유성구,Pytorch,라이브러리
하드웨어 엔지니어,텔레픽스,대전,유성구,Tensorflow,라이브러리
하드웨어 엔지니어,텔레픽스,대전,유성구,JavaScript,프로그래밍 언어
하드웨어 엔지니어,텔레픽스,대전,유성구,Python,프로그래밍 언어
하드웨어 엔지니어,텔레픽스,대전,유성구,Verilog,하드웨어
하드웨어 엔지니어,텔레픽스,대전,유성구,ORCAD,개발 방법론 및 프로세스
하드웨어 엔지니어,텔레픽스,대전,유성구,PADS,개발 방법론 및 프로세스
하드웨어 엔지니어,클루닉스,서울,영등포구,Linux,운영체제
하드웨어 엔지니어,클루닉스,서울,영등포구,MySQL,데이터베이스
하드웨어 엔지니어,클루닉스,서울,영등포구,JavaScript,프로그래밍 언어
하드웨어 엔지니어,클루닉스,서울,영등포구,PHP,프로그래밍 언어
하드웨어 엔지니어,클루닉스,서울,영등포구,jQuery,라이브러리
하드웨어 엔지니어,윔,대구,북구,Pytorch,라이브러리
하드웨어 엔지니어,윔,대구,북구,Python,프로그래밍 언어
하드웨어 엔지니어,삼지전자,경기,화성시,ORCAD,개발 방법론 및 프로세스
하드웨어 엔지니어,레지에나,서울,강서구,ORCAD,개발 방법론 및 프로세스
하드웨어 엔지니어,레지에나,서울,강서구,PADS,개발 방법론 및 프로세스
빅데이터 엔지니어,지엔에이컴퍼니,서울,서초구,MySQL,데이터베이스
빅데이터 엔지니어,지엔에이컴퍼니,서울,서초구,AWS,인프라
빅데이터 엔지니어,루먼랩,서울,송파구,MySQL,데이터베이스
빅데이터 엔지니어,루먼랩,서울,송파구,Java,프로그래밍 언어
빅데이터 엔지니어,지엔에이컴퍼니,서울,서초구,MySQL,데이터베이스
빅데이터 엔지니어,지엔에이컴퍼니,서울,서초구,AWS,인프라
빅데이터 엔지니어,에스투더블유(S2W),경기,성남시,Python,프로그래밍 언어
빅데이터 엔지니어,에스투더블유(S2W),경기,성남시,ElasticSearch,인프라
빅데이터 엔지니어,에너닷,서울,서초구,Python,프로그래밍 언어
빅데이터 엔지니어,에너닷,서울,서초구,AWS,인프라
빅데이터 엔지니어,코넥시오에이치,서울,강남구,Linux,운영체제
빅데이터 엔지니어,코넥시오에이치,서울,강남구,Python,프로그래밍 언어
빅데이터 엔지니어,코넥시오에이치,서울,강남구,AWS,인프라
빅데이터 엔지니어,코넥시오에이치,서울,강남구,ElasticSearch,인프라
빅데이터 엔지니어,타이드풀(TIDEPOOL),대전,유성구,Pytorch,라이브러리
빅데이터 엔지니어,타이드풀(TIDEPOOL),대전,유성구,JavaScript,프로그래밍 언어
빅데이터 엔지니어,타이드풀(TIDEPOOL),대전,유성구,Python,프로그래밍 언어
빅데이터 엔지니어,타이드풀(TIDEPOOL),대전,유성구,AWS,인프라
빅데이터 엔지니어,타이드풀(TIDEPOOL),대전,유성구,PostgreSQL,데이터베이스
빅데이터 엔지니어,메디트(Medit),서울,영등포구,C++,프로그래밍 언어
빅데이터 엔지니어,메디트(Medit),서울,영등포구,Qt,프레임워크
빅데이터 엔지니어,스튜디오사월,서울,종로구,Python,프로그래밍 언어
빅데이터 엔지니어,스튜디오사월,서울,종로구,AWS,인프라
빅데이터 엔지니어,베이리스,경기,성남시,C,프로그래밍 언어
빅데이터 엔지니어,베이리스,경기,성남시,C++,프로그래밍 언어
빅데이터 엔지니어,디메타,서울,강남구,JavaScript,프로그래밍 언어
빅데이터 엔지니어,모멘티움,서울,영등포구,JavaScript,프로그래밍 언어
빅데이터 엔지니어,모멘티움,서울,영등포구,Python,프로그래밍 언어
빅데이터 엔지니어,모멘티움,서울,영등포구,AWS,인프라
보안 엔지니어,에스투더블유(S2W),경기,성남시,Python,프로그래밍 언어
보안 엔지니어,에스투더블유(S2W),경기,성남시,ElasticSearch,인프라
보안 엔지니어,에스투더블유(S2W),경기,성남시,Python,프로그래밍 언어
보안 엔지니어,에스투더블유(S2W),경기,성남시,ElasticSearch,인프라
보안 엔지니어,지란지교소프트,대전,유성구,MySQL,데이터베이스
보안 엔지니어,지란지교소프트,대전,유성구,Redis,데이터베이스
보안 엔지니어,지란지교소프트,대전,유성구,JavaScript,프로그래밍 언어
보안 엔지니어,지란지교소프트,대전,유성구,PHP,프로그래밍 언어
보안 엔지니어,지란지교소프트,대전,유성구,AWS,인프라
보안 엔지니어,지란지교소프트,대전,유성구,PostgreSQL,데이터베이스
보안 엔지니어,수산아이앤티,서울,강남구,Linux,운영체제
보안 엔지니어,뱅크샐러드,서울,마포구,Github,개발 도구
보안 엔지니어,뱅크샐러드,서울,마포구,iOS,운영체제
보안 엔지니어,뱅크샐러드,서울,마포구,Python,프로그래밍 언어
보안 엔지니어,뱅크샐러드,서울,마포구,AWS,인프라
프로덕트 매니저,엔터플,서울,영등포구,Github,개발 도구
프로덕트 매니저,엔터플,서울,영등포구,Linux,운영체제
프로덕트 매니저,엔터플,서울,영등포구,Java,프로그래밍 언어
프로덕트 매니저,엔터플,서울,영등포구,JavaScript,프로그래밍 언어
프로덕트 매니저,엔터플,서울,영등포구,C,프로그래밍 언어
프로덕트 매니저,엔터플,서울,영등포구,AWS,인프라
프로덕트 매니저,엔터플,서울,영등포구,C++,프로그래밍 언어
프로덕트 매니저,엔터플,서울,영등포구,ElasticSearch,인프라
프로덕트 매니저,에이엠텔레콤,경기,성남시,Linux,운영체제
프로덕트 매니저,에이엠텔레콤,경기,성남시,Python,프로그래밍 언어
프로덕트 매니저,태그바이컴퍼,서울,강남구,MySQL,데이터베이스
프로덕트 매니저,태그바이컴퍼,서울,강남구,Python,프로그래밍 언어
프로덕트 매니저,태그바이컴퍼,서울,강남구,AWS,인프라
프로덕트 매니저,지니언스,경기,안양시,Github,개발 도구
프로덕트 매니저,지니언스,경기,안양시,iOS,운영체제
프로덕트 매니저,지니언스,경기,안양시,Linux,운영체제
프로덕트 매니저,지니언스,경기,안양시,MySQL,데이터베이스
프로덕트 매니저,지니언스,경기,안양시,Java,프로그래밍 언어
프로덕트 매니저,지니언스,경기,안양시,JavaScript,프로그래밍 언어
프로덕트 매니저,지니언스,경기,안양시,PHP,프로그래밍 언어
프로덕트 매니저,지니언스,경기,안양시,Python,프로그래밍 언어
프로덕트 매니저,지니언스,경기,안양시,Swift,프로그래밍 언어
프로덕트 매니저,지니언스,경기,안양시,AWS,인프라
프로덕트 매니저,지니언스,경기,안양시,C++,프로그래밍 언어
프로덕트 매니저,오픈갤러리,서울,성동구,JavaScript,프로그래밍 언어
프로덕트 매니저,오픈갤러리,서울,성동구,Python,프로그래밍 언어
프로덕트 매니저,오픈갤러리,서울,성동구,AWS,인프라
크로스플랫폼 앱 개발자,투썬플랫폼,경기,성남시,.NET,프로그래밍 언어
크로스플랫폼 앱 개발자,투썬플랫폼,경기,성남시,Linux,운영체제
크로스플랫폼 앱 개발자,투썬플랫폼,경기,성남시,C#,프로그래밍 언어
크로스플랫폼 앱 개발자,투썬플랫폼,경기,성남시,PostgreSQL,데이터베이스
크로스플랫폼 앱 개발자,뉴아인,서울,구로구,Github,개발 도구
크로스플랫폼 앱 개발자,뉴아인,서울,구로구,iOS,운영체제
크로스플랫폼 앱 개발자,뉴아인,서울,구로구,Java,프로그래밍 언어
크로스플랫폼 앱 개발자,뉴아인,서울,구로구,Python,프로그래밍 언어
크로스플랫폼 앱 개발자,뉴아인,서울,구로구,Swift,프로그래밍 언어
크로스플랫폼 앱 개발자,뉴아인,서울,구로구,C,프로그래밍 언어
크로스플랫폼 앱 개발자,뉴아인,서울,구로구,AWS,인프라
크로스플랫폼 앱 개발자,라이프페스타,서울,강남구,Github,개발 도구
크로스플랫폼 앱 개발자,라이프페스타,서울,강남구,iOS,운영체제
크로스플랫폼 앱 개발자,퓨처커넥트(리브팜),서울,서초구,JavaScript,프로그래밍 언어
크로스플랫폼 앱 개발자,퓨처커넥트(리브팜),서울,서초구,AWS,인프라
크로스플랫폼 앱 개발자,퓨처커넥트(리브팜),서울,서초구,C++,프로그래밍 언어
크로스플랫폼 앱 개발자,쓰리알이노베이션,서울,서초구,MySQL,데이터베이스
크로스플랫폼 앱 개발자,쓰리알이노베이션,서울,서초구,JavaScript,프로그래밍 언어
크로스플랫폼 앱 개발자,쓰리알이노베이션,서울,서초구,Python,프로그래밍 언어
크로스플랫폼 앱 개발자,쓰리알이노베이션,서울,서초구,Swift,프로그래밍 언어
크로스플랫폼 앱 개발자,쓰리알이노베이션,서울,서초구,AWS,인프라
크로스플랫폼 앱 개발자,쓰리알이노베이션,서울,서초구,PostgreSQL,데이터베이스
크로스플랫폼 앱 개발자,비엘큐(테스트밸리),서울,강남구,Github,개발 도구
크로스플랫폼 앱 개발자,비엘큐(테스트밸리),서울,강남구,Java,프로그래밍 언어
크로스플랫폼 앱 개발자,비엘큐(테스트밸리),서울,강남구,AWS,인프라
DBA,오늘앤파트너스,서울,서초구,JavaScript,프로그래밍 언어
DBA,아크데이타,대구,수성구,Linux,운영체제
DBA,아크데이타,대구,수성구,MySQL,데이터베이스
DBA,아크데이타,대구,수성구,Python,프로그래밍 언어
블록체인 플랫폼 엔지니어,스탬퍼,서울,강남구,Linux,운영체제
블록체인 플랫폼 엔지니어,스탬퍼,서울,강남구,MySQL,데이터베이스
블록체인 플랫폼 엔지니어,스탬퍼,서울,강남구,AWS,인프라
블록체인 플랫폼 엔지니어,스탬퍼,서울,강남구,PostgreSQL,데이터베이스
블록체인 플랫폼 엔지니어,에이포엑스(A41),서울,강남구,AWS,인프라
블록체인 플랫폼 엔지니어,디지털존마포지점,서울,마포구,Java,프로그래밍 언어
블록체인 플랫폼 엔지니어,디지털존마포지점,서울,마포구,JavaScript,프로그래밍 언어
블록체인 플랫폼 엔지니어,페어스퀘어랩,서울,강남구,Github,개발 도구
블록체인 플랫폼 엔지니어,페어스퀘어랩,서울,강남구,Linux,운영체제
블록체인 플랫폼 엔지니어,페어스퀘어랩,서울,강남구,MySQL,데이터베이스
블록체인 플랫폼 엔지니어,페어스퀘어랩,서울,강남구,JavaScript,프로그래밍 언어
블록체인 플랫폼 엔지니어,페어스퀘어랩,서울,강남구,Python,프로그래밍 언어
블록체인 플랫폼 엔지니어,페어스퀘어랩,서울,강남구,AWS,인프라
블록체인 플랫폼 엔지니어,심버스,서울,강서구,Github,개발 도구
블록체인 플랫폼 엔지니어,심버스,서울,강서구,iOS,운영체제
블록체인 플랫폼 엔지니어,심버스,서울,강서구,JavaScript,프로그래밍 언어
블록체인 플랫폼 엔지니어,심버스,서울,강서구,Blockchain,인공지능 및 블록체인 관련 개념
ERP전문가,바텍이우홀딩스,경기,화성시,C#,프로그래밍 언어
ERP전문가,바텍이우홀딩스,경기,화성시,JavaScript,프로그래밍 언어
ERP전문가,시노펙스,경기,화성시,C#,프로그래밍 언어
ERP전문가,브이엠에스솔루션스,경기,용인시,C#,프로그래밍 언어
ERP전문가,브이엠에스솔루션스,경기,용인시,Java,프로그래밍 언어
ERP전문가,에드워드코리아,충남,천안시,C#,프로그래밍 언어
ERP전문가,에드워드코리아,충남,천안시,JavaScript,프로그래밍 언어
ERP전문가,에드워드코리아,충남,천안시,Python,프로그래밍 언어
ERP전문가,에드워드코리아,충남,천안시,AWS,인프라
ERP전문가,에드워드코리아,충남,천안시,C++,프로그래밍 언어
PHP 개발자,모니터랩,서울,구로구,Linux,운영체제
PHP 개발자,클러스터지원그룹,경기,군포시,Linux,운영체제
PHP 개발자,클러스터지원그룹,경기,군포시,MySQL,데이터베이스
PHP 개발자,클러스터지원그룹,경기,군포시,JavaScript,프로그래밍 언어
PHP 개발자,클러스터지원그룹,경기,군포시,C,프로그래밍 언어
PHP 개발자,클러스터지원그룹,경기,군포시,AWS,인프라
PHP 개발자,제제컴즈,경기,성남시,Github,개발 도구
PHP 개발자,제제컴즈,경기,성남시,MySQL,데이터베이스
PHP 개발자,제제컴즈,경기,성남시,PHP,프로그래밍 언어
PHP 개발자,제제컴즈,경기,성남시,Python,프로그래밍 언어
PHP 개발자,제제컴즈,경기,성남시,AWS,인프라
PHP 개발자,아이티이지,서울,서초구,Linux,운영체제
PHP 개발자,아이티이지,서울,서초구,MySQL,데이터베이스
PHP 개발자,아이티이지,서울,서초구,Java,프로그래밍 언어
PHP 개발자,아이티이지,서울,서초구,JavaScript,프로그래밍 언어
PHP 개발자,아이티이지,서울,서초구,PHP,프로그래밍 언어
PHP 개발자,아이티이지,서울,서초구,Python,프로그래밍 언어
PHP 개발자,아이티이지,서울,서초구,ElasticSearch,인프라
PHP 개발자,유디아이디(UDID),서울,구로구,MySQL,데이터베이스
PHP 개발자,유디아이디(UDID),서울,구로구,Java,프로그래밍 언어
PHP 개발자,유디아이디(UDID),서울,구로구,JavaScript,프로그래밍 언어
"영상,음성 엔지니어",에프에이솔루션,서울,영등포구,Linux,운영체제
"영상,음성 엔지니어",에프에이솔루션,서울,영등포구,Java,프로그래밍 언어
"영상,음성 엔지니어",에프에이솔루션,서울,영등포구,JavaScript,프로그래밍 언어
"영상,음성 엔지니어",블루닷,서울,강남구,Pytorch,라이브러리
"영상,음성 엔지니어",블루닷,서울,강남구,Tensorflow,라이브러리
"영상,음성 엔지니어",애니펜,경기,성남시,Pytorch,라이브러리
"영상,음성 엔지니어",애니펜,경기,성남시,Tensorflow,라이브러리
"영상,음성 엔지니어",애니펜,경기,성남시,Python,프로그래밍 언어
"영상,음성 엔지니어",애니펜,경기,성남시,C,프로그래밍 언어
"영상,음성 엔지니어",애니펜,경기,성남시,C++,프로그래밍 언어
"영상,음성 엔지니어",디디에스,서울,금천구,Qt,프레임워크
"영상,음성 엔지니어",디디에스,서울,금천구,OpenCV,라이브러리
"영상,음성 엔지니어",에너자이(ENERZAi),서울,강남구,Python,프로그래밍 언어
"영상,음성 엔지니어",에너자이(ENERZAi),서울,강남구,C,프로그래밍 언어
"영상,음성 엔지니어",에너자이(ENERZAi),서울,강남구,C++,프로그래밍 언어
"영상,음성 엔지니어",자이언트스텝,서울,강남구,C++,프로그래밍 언어
"영상,음성 엔지니어",누비랩,서울,강남구,Github,개발 도구
"영상,음성 엔지니어",누비랩,서울,강남구,Python,프로그래밍 언어
"영상,음성 엔지니어",누비랩,서울,강남구,AWS,인프라
"영상,음성 엔지니어",누비랩,서울,강남구,OpenCV,라이브러리
"영상,음성 엔지니어",스카이오토넷,서울,서초구,C,프로그래밍 언어
"영상,음성 엔지니어",스카이오토넷,서울,서초구,C++,프로그래밍 언어
"영상,음성 엔지니어",큐램,경기,용인시,Github,개발 도구
"영상,음성 엔지니어",큐램,경기,용인시,iOS,운영체제
"영상,음성 엔지니어",큐램,경기,용인시,Linux,운영체제
"영상,음성 엔지니어",큐램,경기,용인시,JavaScript,프로그래밍 언어
"영상,음성 엔지니어",큐램,경기,용인시,Python,프로그래밍 언어
"영상,음성 엔지니어",큐램,경기,용인시,C++,프로그래밍 언어
"영상,음성 엔지니어",큐램,경기,용인시,OpenCV,라이브러리
.NET 개발자,오엠티아이코리아,서울,서초구,JavaScript,프로그래밍 언어
.NET 개발자,오엠티아이코리아,서울,서초구,jQuery,라이브러리
.NET 개발자,오엠티아이코리아,서울,서초구,HTML5,프로그래밍 언어
.NET 개발자,플러스파크,서울,서초구,Java,프로그래밍 언어
.NET 개발자,플러스파크,서울,서초구,JavaScript,프로그래밍 언어
.NET 개발자,플러스파크,서울,서초구,PostgreSQL,데이터베이스
.NET 개발자,투썬플랫폼,경기,성남시,.NET,프로그래밍 언어
.NET 개발자,투썬플랫폼,경기,성남시,Linux,운영체제
.NET 개발자,투썬플랫폼,경기,성남시,C#,프로그래밍 언어
.NET 개발자,투썬플랫폼,경기,성남시,PostgreSQL,데이터베이스
.NET 개발자,인포유앤컴퍼니,서울,성동구,MySQL,데이터베이스
.NET 개발자,인포유앤컴퍼니,서울,성동구,JavaScript,프로그래밍 언어
.NET 개발자,클러스터지원그룹,경기,군포시,Linux,운영체제
.NET 개발자,클러스터지원그룹,경기,군포시,MySQL,데이터베이스
.NET 개발자,클러스터지원그룹,경기,군포시,JavaScript,프로그래밍 언어
.NET 개발자,클러스터지원그룹,경기,군포시,C,프로그래밍 언어
.NET 개발자,클러스터지원그룹,경기,군포시,AWS,인프라
.NET 개발자,애니게이트,서울,용산구,Python,프로그래밍 언어
.NET 개발자,애니게이트,서울,용산구,Qt,프레임워크
.NET 개발자,모아이스,서울,서초구,MySQL,데이터베이스
.NET 개발자,모아이스,서울,서초구,Java,프로그래밍 언어
.NET 개발자,모아이스,서울,서초구,JavaScript,프로그래밍 언어
.NET 개발자,모아이스,서울,서초구,AWS,인프라
.NET 개발자,전능아이티,서울,서초구,.NET,프로그래밍 언어
.NET 개발자,전능아이티,서울,서초구,MySQL,데이터베이스
.NET 개발자,전능아이티,서울,서초구,C#,프로그래밍 언어
.NET 개발자,크레비스파트너스(도너스),서울,성동구,Github,개발 도구
.NET 개발자,크레비스파트너스(도너스),서울,성동구,.NET,프로그래밍 언어
.NET 개발자,크레비스파트너스(도너스),서울,성동구,C#,프로그래밍 언어
"CTO,Chief Technology Officer",에코앤리치,서울,서초구,MySQL,데이터베이스
"CTO,Chief Technology Officer",에코앤리치,서울,서초구,Java,프로그래밍 언어
"CTO,Chief Technology Officer",에코앤리치,서울,서초구,JavaScript,프로그래밍 언어
"CTO,Chief Technology Officer",에코앤리치,서울,서초구,AWS,인프라
"CTO,Chief Technology Officer",에코앤리치,서울,서초구,PostgreSQL,데이터베이스
그래픽스 엔지니어,디디에스,서울,금천구,Qt,프레임워크
그래픽스 엔지니어,디디에스,서울,금천구,OpenCV,라이브러리
그래픽스 엔지니어,스페이드컴퍼니,서울,강남구,JavaScript,프로그래밍 언어
그래픽스 엔지니어,자이언트스텝,서울,강남구,C++,프로그래밍 언어
그래픽스 엔지니어,클로버추얼패션(CLOVirtualFashion),서울,강남구,Github,개발 도구
그래픽스 엔지니어,클로버추얼패션(CLOVirtualFashion),서울,강남구,Python,프로그래밍 언어
그래픽스 엔지니어,클로버추얼패션(CLOVirtualFashion),서울,강남구,AWS,인프라
VR 엔지니어,디디에스,서울,금천구,Qt,프레임워크
VR 엔지니어,디디에스,서울,금천구,OpenCV,라이브러리
VR 엔지니어,디디에스,서울,금천구,Qt,프레임워크
VR 엔지니어,디디에스,서울,금천구,OpenCV,라이브러리
