name,tech_stack
서버/백엔드 개발자,ASP.NET
서버/백엔드 개발자,C#
서버/백엔드 개발자,MSSQL
서버/백엔드 개발자,REST API
서버/백엔드 개발자,SQL
서버/백엔드 개발자,AWS
서버/백엔드 개발자,TypeScript
서버/백엔드 개발자,Python
서버/백엔드 개발자,Git
서버/백엔드 개발자,gRPC
서버/백엔드 개발자,Rest.li
서버/백엔드 개발자,Docker
서버/백엔드 개발자,MySQL
서버/백엔드 개발자,PostgreSQL
서버/백엔드 개발자,Node.js
서버/백엔드 개발자,TypeScript
서버/백엔드 개발자,MySQL
서버/백엔드 개발자,JavaScript
서버/백엔드 개발자,Linux
서버/백엔드 개발자,jQuery
서버/백엔드 개발자,Python
서버/백엔드 개발자,Java
서버/백엔드 개발자,Jenkins
서버/백엔드 개발자,AWS
서버/백엔드 개발자,Redis
서버/백엔드 개발자,PostgreSQL
서버/백엔드 개발자,MSA
서버/백엔드 개발자,Docker
서버/백엔드 개발자,NGINX
서버/백엔드 개발자,MariaDB
서버/백엔드 개발자,Linux
서버/백엔드 개발자,REST API
서버/백엔드 개발자,AWS CodeCommit
서버/백엔드 개발자,Git
서버/백엔드 개발자,MySQL
서버/백엔드 개발자,AWS
서버/백엔드 개발자,PHP
서버/백엔드 개발자,TypeScript
서버/백엔드 개발자,MySQL
서버/백엔드 개발자,AWS
서버/백엔드 개발자,GitHub Actions
서버/백엔드 개발자,Java
서버/백엔드 개발자,Node.js
서버/백엔드 개발자,mysql
서버/백엔드 개발자,amazon dynamodb
서버/백엔드 개발자,postgresql
서버/백엔드 개발자,elasticsearch
서버/백엔드 개발자,aws
서버/백엔드 개발자,Node.js
서버/백엔드 개발자,MySQL
서버/백엔드 개발자,Redis
서버/백엔드 개발자,MQTT
서버/백엔드 개발자,Python
서버/백엔드 개발자,AWS
서버/백엔드 개발자,Python
서버/백엔드 개발자,Java
서버/백엔드 개발자,Kotlin
서버/백엔드 개발자,Flask
서버/백엔드 개발자,Spring
서버/백엔드 개발자,Git
서버/백엔드 개발자,Jenkins
서버/백엔드 개발자,Docker
서버/백엔드 개발자,AWS
서버/백엔드 개발자,Go
서버/백엔드 개발자,Node.js
서버/백엔드 개발자,NoSql
서버/백엔드 개발자,REST API
서버/백엔드 개발자,C
서버/백엔드 개발자,C++
서버/백엔드 개발자,Linux
서버/백엔드 개발자,Windows
서버/백엔드 개발자,Node.js
서버/백엔드 개발자,Java
서버/백엔드 개발자,JavaScript
서버/백엔드 개발자,TypeScript
서버/백엔드 개발자,Golang
서버/백엔드 개발자,Python
서버/백엔드 개발자,TypeScript
서버/백엔드 개발자,C
서버/백엔드 개발자,C++
서버/백엔드 개발자,AWS
서버/백엔드 개발자,MariaDB
서버/백엔드 개발자,PostgreSQL
서버/백엔드 개발자,NoSql
서버/백엔드 개발자,Node.js
서버/백엔드 개발자,NestJS
서버/백엔드 개발자,TypeScript
서버/백엔드 개발자,Go
서버/백엔드 개발자,PostgreSQL
서버/백엔드 개발자,TypeORM
서버/백엔드 개발자,Docker
서버/백엔드 개발자,AWS
서버/백엔드 개발자,Go
서버/백엔드 개발자,PostgreSQL
서버/백엔드 개발자,Redis
서버/백엔드 개발자,MongoDB
서버/백엔드 개발자,NoSql
서버/백엔드 개발자,Golang
서버/백엔드 개발자,PHP
서버/백엔드 개발자,MySQL
서버/백엔드 개발자,MongoDB
서버/백엔드 개발자,Laravel
서버/백엔드 개발자,GitLab
서버/백엔드 개발자,JavaScript
서버/백엔드 개발자,jQuery
서버/백엔드 개발자,Node.js
서버/백엔드 개발자,Git
서버/백엔드 개발자,AWS
서버/백엔드 개발자,MySQL
서버/백엔드 개발자,MariaDB
서버/백엔드 개발자,HTML5
서버/백엔드 개발자,CSS 3
서버/백엔드 개발자,jQuery
서버/백엔드 개발자,Bootstrap
서버/백엔드 개발자,Spring Framework
서버/백엔드 개발자,PHP
서버/백엔드 개발자,CodeIgniter
서버/백엔드 개발자,Laravel
서버/백엔드 개발자,React.js Boilerplate
서버/백엔드 개발자,Vue.js
서버/백엔드 개발자,AngularJS
서버/백엔드 개발자,Java
서버/백엔드 개발자,Spring Boot
서버/백엔드 개발자,Spring Data JPA
서버/백엔드 개발자,MariaDB
서버/백엔드 개발자,NestJS
서버/백엔드 개발자,MongoDB
서버/백엔드 개발자,AWS
서버/백엔드 개발자,JavaScript
서버/백엔드 개발자,Node.js
서버/백엔드 개발자,Flask
서버/백엔드 개발자,Django
서버/백엔드 개발자,Apache HTTP Server
서버/백엔드 개발자,MySQL
서버/백엔드 개발자,Blockchain
서버/백엔드 개발자,Go
서버/백엔드 개발자,MySQL
서버/백엔드 개발자,AZURE
서버/백엔드 개발자,Git
서버/백엔드 개발자,Slack
서버/백엔드 개발자,Notion
서버/백엔드 개발자,Jira
서버/백엔드 개발자,TypeScript
서버/백엔드 개발자,REST API
서버/백엔드 개발자,Go
서버/백엔드 개발자,Python
서버/백엔드 개발자,Java
서버/백엔드 개발자,Node.js
서버/백엔드 개발자,C++
서버/백엔드 개발자,Oracle
서버/백엔드 개발자,MSSQL
서버/백엔드 개발자,MySQL
서버/백엔드 개발자,Java
서버/백엔드 개발자,AI
서버/백엔드 개발자,인공지능
서버/백엔드 개발자,Blockchain
서버/백엔드 개발자,Solidity
서버/백엔드 개발자,Blockchain
서버/백엔드 개발자,Smartcontract
서버/백엔드 개발자,Linux
서버/백엔드 개발자,AWS
서버/백엔드 개발자,GCP
서버/백엔드 개발자,blockchain
서버/백엔드 개발자,REST API
서버/백엔드 개발자,AWS
서버/백엔드 개발자,Node.js
서버/백엔드 개발자,Git
서버/백엔드 개발자,Ruby
서버/백엔드 개발자,MySQL
서버/백엔드 개발자,AWS
서버/백엔드 개발자,Git
서버/백엔드 개발자,Linux
서버/백엔드 개발자,C
서버/백엔드 개발자,C++
서버/백엔드 개발자,JavaScript
서버/백엔드 개발자,GitHub
서버/백엔드 개발자,Docker
서버/백엔드 개발자,AWS
서버/백엔드 개발자,MySQL
서버/백엔드 개발자,Node.js
서버/백엔드 개발자,Amazon EC2
서버/백엔드 개발자,C
서버/백엔드 개발자,SW
서버/백엔드 개발자,deeplearning
서버/백엔드 개발자,AWS
서버/백엔드 개발자,GCP
서버/백엔드 개발자,Node.js
서버/백엔드 개발자,JavaScript
서버/백엔드 개발자,TypeScript
서버/백엔드 개발자,RDB
서버/백엔드 개발자,NoSql
서버/백엔드 개발자,WebSocket
서버/백엔드 개발자,Java
서버/백엔드 개발자,C
서버/백엔드 개발자,C++
서버/백엔드 개발자,Python
서버/백엔드 개발자,Flask
서버/백엔드 개발자,PHP
서버/백엔드 개발자,Laravel
서버/백엔드 개발자,RDB
서버/백엔드 개발자,MySQL
서버/백엔드 개발자,RabbitMQ
서버/백엔드 개발자,Elasticsearch
서버/백엔드 개발자,PHP
서버/백엔드 개발자,JavaScript
서버/백엔드 개발자,MySQL
서버/백엔드 개발자,Python
서버/백엔드 개발자,Git
서버/백엔드 개발자,HTML5
서버/백엔드 개발자,jQuery
서버/백엔드 개발자,Spring Boot
서버/백엔드 개발자,MySQL
서버/백엔드 개발자,REST API
서버/백엔드 개발자,RDB
서버/백엔드 개발자,AWS
서버/백엔드 개발자,AZURE
서버/백엔드 개발자,Java
서버/백엔드 개발자,Spring
서버/백엔드 개발자,PHP
서버/백엔드 개발자,Python
서버/백엔드 개발자,MySQL
서버/백엔드 개발자,JavaScript
서버/백엔드 개발자,Docker
서버/백엔드 개발자,C
서버/백엔드 개발자,C++
서버/백엔드 개발자,Linux
서버/백엔드 개발자,Network
서버/백엔드 개발자,Java
서버/백엔드 개발자,Spring Boot
서버/백엔드 개발자,Spring Data JPA
서버/백엔드 개발자,Spring
서버/백엔드 개발자,Spring MVC
서버/백엔드 개발자,AWS
서버/백엔드 개발자,REST API
서버/백엔드 개발자,Python
서버/백엔드 개발자,FastAPI
서버/백엔드 개발자,Django
서버/백엔드 개발자,MariaDB
서버/백엔드 개발자,DeepLearning
서버/백엔드 개발자,Java
서버/백엔드 개발자,C
서버/백엔드 개발자,C++
서버/백엔드 개발자,Python
서버/백엔드 개발자,SW
서버/백엔드 개발자,MariaDB
서버/백엔드 개발자,MySQL
서버/백엔드 개발자,Oracle
서버/백엔드 개발자,Node.js
서버/백엔드 개발자,TypeScript
서버/백엔드 개발자,NestJS
서버/백엔드 개발자,HTML5
서버/백엔드 개발자,CSS 3
서버/백엔드 개발자,Python
서버/백엔드 개발자,Flask
서버/백엔드 개발자,Gunicorn
서버/백엔드 개발자,Django
서버/백엔드 개발자,AZURE
서버/백엔드 개발자,GCP
서버/백엔드 개발자,Spring Boot
서버/백엔드 개발자,Spring MVC
서버/백엔드 개발자,MySQL
서버/백엔드 개발자,MSSQL
서버/백엔드 개발자,SQL
서버/백엔드 개발자,Mybatis
서버/백엔드 개발자,Java
서버/백엔드 개발자,C++
서버/백엔드 개발자,Linux
서버/백엔드 개발자,C
서버/백엔드 개발자,Python
서버/백엔드 개발자,Yocto
서버/백엔드 개발자,C++
서버/백엔드 개발자,C
서버/백엔드 개발자,Network
서버/백엔드 개발자,TCP
서버/백엔드 개발자,IP
서버/백엔드 개발자,Linux
프론트엔드 개발자,Node.js
프론트엔드 개발자,Vue.js
프론트엔드 개발자,Webpack
프론트엔드 개발자,Babel
프론트엔드 개발자,Slack
프론트엔드 개발자,Git
프론트엔드 개발자,Visual Studio Code
프론트엔드 개발자,HTML5
프론트엔드 개발자,TypeScript
프론트엔드 개발자,Next.js
프론트엔드 개발자,React
프론트엔드 개발자,Vercel
프론트엔드 개발자,React Native
프론트엔드 개발자,CodePush
프론트엔드 개발자,fastlane
프론트엔드 개발자,HTML5
프론트엔드 개발자,CSS 3
프론트엔드 개발자,JavaScript
프론트엔드 개발자,ES6
프론트엔드 개발자,Vue.js
프론트엔드 개발자,React
프론트엔드 개발자,Angular 2
프론트엔드 개발자,TypeScript
프론트엔드 개발자,React
프론트엔드 개발자,JSX
프론트엔드 개발자,Sass
프론트엔드 개발자,GitHub Actions
프론트엔드 개발자,JavaScript
프론트엔드 개발자,HTML5
프론트엔드 개발자,React
프론트엔드 개발자,REST API
프론트엔드 개발자,SQL
프론트엔드 개발자,GraphQL
프론트엔드 개발자,Java
프론트엔드 개발자,CSS 3
프론트엔드 개발자,React
프론트엔드 개발자,jQuery
프론트엔드 개발자,Vue.js
프론트엔드 개발자,Swift
프론트엔드 개발자,Kotlin
프론트엔드 개발자,JavaScript
프론트엔드 개발자,Jenkins
프론트엔드 개발자,Docker
프론트엔드 개발자,AWS
프론트엔드 개발자,AngularJS
프론트엔드 개발자,NGINX
프론트엔드 개발자,Sass
프론트엔드 개발자,Zeplin
프론트엔드 개발자,React
프론트엔드 개발자,React
프론트엔드 개발자,React.js Boilerplate
프론트엔드 개발자,Redux
프론트엔드 개발자,JavaScript
프론트엔드 개발자,HTML5
프론트엔드 개발자,CSS 3
프론트엔드 개발자,React Native
프론트엔드 개발자,JavaScript
프론트엔드 개발자,CSS 3
프론트엔드 개발자,HTML5
프론트엔드 개발자,MySQL
프론트엔드 개발자,Vue.js
프론트엔드 개발자,Flutter
프론트엔드 개발자,Dart
프론트엔드 개발자,Node.js
프론트엔드 개발자,REST API
프론트엔드 개발자,Docker
프론트엔드 개발자,Git
프론트엔드 개발자,android os
프론트엔드 개발자,ios
프론트엔드 개발자,React
프론트엔드 개발자,React Native
프론트엔드 개발자,HTML5
프론트엔드 개발자,CSS 3
프론트엔드 개발자,SCSS
프론트엔드 개발자,Redux
프론트엔드 개발자,redux-saga
프론트엔드 개발자,JavaScript
프론트엔드 개발자,HTML5
프론트엔드 개발자,Flutter
프론트엔드 개발자,C#
프론트엔드 개발자,Python
프론트엔드 개발자,Git
프론트엔드 개발자,AWS
프론트엔드 개발자,Firebase
프론트엔드 개발자,JavaScript
프론트엔드 개발자,TypeScript
프론트엔드 개발자,HTML5
프론트엔드 개발자,CSS 3
프론트엔드 개발자,React
프론트엔드 개발자,React
프론트엔드 개발자,React Native
프론트엔드 개발자,TypeScript
프론트엔드 개발자,JavaScript
프론트엔드 개발자,Node.js
프론트엔드 개발자,Recoil
프론트엔드 개발자,React Query
프론트엔드 개발자,PHP
프론트엔드 개발자,HTML5
프론트엔드 개발자,CSS 3
프론트엔드 개발자,JavaScript
프론트엔드 개발자,MySQL
프론트엔드 개발자,Node.js
프론트엔드 개발자,Android OS
프론트엔드 개발자,iOS
프론트엔드 개발자,MariaDB
프론트엔드 개발자,MySQL
프론트엔드 개발자,Oracle
프론트엔드 개발자,Node.js
프론트엔드 개발자,TypeScript
프론트엔드 개발자,NestJS
프론트엔드 개발자,HTML5
프론트엔드 개발자,CSS 3
웹 풀스택 개발자,ASP.NET
웹 풀스택 개발자,C#
웹 풀스택 개발자,MSSQL
웹 풀스택 개발자,REST API
웹 풀스택 개발자,SQL
웹 풀스택 개발자,AWS
웹 풀스택 개발자,Node.js
웹 풀스택 개발자,REST API
웹 풀스택 개발자,AWS
웹 풀스택 개발자,Git
웹 풀스택 개발자,aws
웹 풀스택 개발자,rest api
웹 풀스택 개발자,python
웹 풀스택 개발자,javascript
웹 풀스택 개발자,React
웹 풀스택 개발자,TypeScript
웹 풀스택 개발자,JSX
웹 풀스택 개발자,Sass
웹 풀스택 개발자,GitHub Actions
웹 풀스택 개발자,Node.js
웹 풀스택 개발자,MySQL
웹 풀스택 개발자,AWS
웹 풀스택 개발자,ASP.NET
웹 풀스택 개발자,JavaScript
웹 풀스택 개발자,jQuery
웹 풀스택 개발자,CSS 3
웹 풀스택 개발자,HTML5
웹 풀스택 개발자,Microsoft SQL Server
웹 풀스택 개발자,AZURE
웹 풀스택 개발자,Java
웹 풀스택 개발자,JavaScript
웹 풀스택 개발자,jQuery
웹 풀스택 개발자,Spring
웹 풀스택 개발자,Python
웹 풀스택 개발자,Django
웹 풀스택 개발자,React
웹 풀스택 개발자,HTML5
웹 풀스택 개발자,MySQL
웹 풀스택 개발자,JSP
웹 풀스택 개발자,Java
웹 풀스택 개발자,JavaScript
웹 풀스택 개발자,React
웹 풀스택 개발자,Spring Boot
웹 풀스택 개발자,TypeScript
웹 풀스택 개발자,ExpressJS
웹 풀스택 개발자,PHP
웹 풀스택 개발자,Linux
웹 풀스택 개발자,PostgreSQL
웹 풀스택 개발자,NGINX
웹 풀스택 개발자,HTML5
웹 풀스택 개발자,JavaScript
웹 풀스택 개발자,CSS 3
웹 풀스택 개발자,Python
웹 풀스택 개발자,PHP
웹 풀스택 개발자,Java
웹 풀스택 개발자,MySQL
웹 풀스택 개발자,JavaScript
웹 풀스택 개발자,Apache Tomcat
웹 풀스택 개발자,Linux
웹 풀스택 개발자,Java
웹 풀스택 개발자,Spring
웹 풀스택 개발자,MySQL
웹 풀스택 개발자,Elasticsearch
웹 풀스택 개발자,Java
웹 풀스택 개발자,JSP
웹 풀스택 개발자,jQuery
웹 풀스택 개발자,Oracle
웹 풀스택 개발자,React
웹 풀스택 개발자,php
웹 풀스택 개발자,html5
웹 풀스택 개발자,css 3
웹 풀스택 개발자,mysql
웹 풀스택 개발자,jquery
웹 풀스택 개발자,.NET
웹 풀스택 개발자,C#
웹 풀스택 개발자,CSS 3
웹 풀스택 개발자,HTML5
웹 풀스택 개발자,iOS
웹 풀스택 개발자,Java
웹 풀스택 개발자,JSP
웹 풀스택 개발자,MSSQL
웹 풀스택 개발자,MySQL
웹 풀스택 개발자,Python
웹 풀스택 개발자,PHP
웹 풀스택 개발자,JavaScript
웹 풀스택 개발자,REST API
웹 풀스택 개발자,React
웹 풀스택 개발자,SW
웹 풀스택 개발자,Linux
웹 풀스택 개발자,C#
웹 풀스택 개발자,Flutter
웹 풀스택 개발자,React
웹 풀스택 개발자,React Native
웹 풀스택 개발자,Python
웹 풀스택 개발자,Django
웹 풀스택 개발자,Oracle
웹 풀스택 개발자,Git
웹 풀스택 개발자,C++
웹 풀스택 개발자,MES
웹 풀스택 개발자,C
웹 풀스택 개발자,C++
웹 풀스택 개발자,Python
웹 풀스택 개발자,Go
웹 풀스택 개발자,Java
웹 풀스택 개발자,JavaScript
웹 풀스택 개발자,Linux
웹 풀스택 개발자,Network
웹 풀스택 개발자,JavaScript
웹 풀스택 개발자,jQuery
웹 풀스택 개발자,MySQL
웹 풀스택 개발자,Git
웹 풀스택 개발자,HTML5
웹 풀스택 개발자,PHP
웹 풀스택 개발자,Java
웹 풀스택 개발자,JavaScript
웹 풀스택 개발자,jQuery
웹 풀스택 개발자,Node.js
웹 풀스택 개발자,RDB
웹 풀스택 개발자,Linux
웹 풀스택 개발자,AWS
웹 풀스택 개발자,Java
웹 풀스택 개발자,Spring
웹 풀스택 개발자,JavaScript
웹 풀스택 개발자,JSP
웹 풀스택 개발자,Spring Framework
웹 풀스택 개발자,jQuery
웹 풀스택 개발자,PHP
웹 풀스택 개발자,React
웹 풀스택 개발자,REST API
안드로이드 개발자,Kotlin
안드로이드 개발자,REST API
안드로이드 개발자,Git
안드로이드 개발자,Android OS
안드로이드 개발자,Slack
안드로이드 개발자,Java
안드로이드 개발자,Kotlin
안드로이드 개발자,Git
안드로이드 개발자,Android OS
안드로이드 개발자,Java
안드로이드 개발자,Kotlin
안드로이드 개발자,Android Studio
안드로이드 개발자,Git
안드로이드 개발자,Slack
안드로이드 개발자,REST API
안드로이드 개발자,notion.so
안드로이드 개발자,Socket.IO
안드로이드 개발자,Java
안드로이드 개발자,Kotlin
안드로이드 개발자,REST API
안드로이드 개발자,Android Studio
안드로이드 개발자,javascript
안드로이드 개발자,C++
안드로이드 개발자,C
안드로이드 개발자,Python
안드로이드 개발자,Android OS
안드로이드 개발자,Android Studio
안드로이드 개발자,Kotlin
안드로이드 개발자,OkHttp
안드로이드 개발자,AI
안드로이드 개발자,인공지능
안드로이드 개발자,Android OS
안드로이드 개발자,GitHub
안드로이드 개발자,Java
안드로이드 개발자,Kotlin
안드로이드 개발자,Java
안드로이드 개발자,C
안드로이드 개발자,C++
안드로이드 개발자,Android OS
안드로이드 개발자,Android SDK
안드로이드 개발자,SW
안드로이드 개발자,Android OS
안드로이드 개발자,HTML5
안드로이드 개발자,C
안드로이드 개발자,Embedded
안드로이드 개발자,SW
안드로이드 개발자,Linux
안드로이드 개발자,Android OS
안드로이드 개발자,C++
안드로이드 개발자,Java
안드로이드 개발자,Embedded Linux
안드로이드 개발자,Java
안드로이드 개발자,Kotlin
안드로이드 개발자,Android OS
안드로이드 개발자,C++
안드로이드 개발자,Android SDK
안드로이드 개발자,Java
안드로이드 개발자,Kotlin
안드로이드 개발자,Android OS
안드로이드 개발자,Android OS
안드로이드 개발자,Kotlin
안드로이드 개발자,Java
안드로이드 개발자,C
안드로이드 개발자,C++
안드로이드 개발자,Python
안드로이드 개발자,Java
안드로이드 개발자,Qt
안드로이드 개발자,C#
안드로이드 개발자,Visual C++
안드로이드 개발자,Linux
안드로이드 개발자,Android OS
안드로이드 개발자,RTOS
안드로이드 개발자,C
안드로이드 개발자,C++
안드로이드 개발자,Linux
안드로이드 개발자,RTOS
안드로이드 개발자,FW
IOS 개발자,Swift
IOS 개발자,iOS
IOS 개발자,SwiftUI
IOS 개발자,Swift
IOS 개발자,SwiftUI
IOS 개발자,iOS
IOS 개발자,rxswift
IOS 개발자,iOS
IOS 개발자,Swift
IOS 개발자,Objective-C
IOS 개발자,Git
IOS 개발자,Xcode
IOS 개발자,Zeplin
IOS 개발자,iOS
IOS 개발자,Swift
IOS 개발자,Objective-C
IOS 개발자,Git
IOS 개발자,Xcode
IOS 개발자,Zeplin
IOS 개발자,iOS
IOS 개발자,Swift
IOS 개발자,Socket.IO
IOS 개발자,Firebase
IOS 개발자,Git
크로스플랫폼 앱개발자,Flutter
크로스플랫폼 앱개발자,Docker
크로스플랫폼 앱개발자,iOS
크로스플랫폼 앱개발자,Android OS
크로스플랫폼 앱개발자,Slack
크로스플랫폼 앱개발자,SQLite
크로스플랫폼 앱개발자,Network
크로스플랫폼 앱개발자,JSON
크로스플랫폼 앱개발자,Firebase
크로스플랫폼 앱개발자,Crashlytics
크로스플랫폼 앱개발자,React.js Boilerplate
크로스플랫폼 앱개발자,REST API
크로스플랫폼 앱개발자,Git
크로스플랫폼 앱개발자,React Native
크로스플랫폼 앱개발자,Flutter
크로스플랫폼 앱개발자,Dart
크로스플랫폼 앱개발자,Node.js
크로스플랫폼 앱개발자,REST API
크로스플랫폼 앱개발자,Docker
크로스플랫폼 앱개발자,Git
크로스플랫폼 앱개발자,android os
크로스플랫폼 앱개발자,ios
크로스플랫폼 앱개발자,React.js Boilerplate
크로스플랫폼 앱개발자,React Native
크로스플랫폼 앱개발자,JavaScript
크로스플랫폼 앱개발자,ES6
크로스플랫폼 앱개발자,TypeScript
크로스플랫폼 앱개발자,React
크로스플랫폼 앱개발자,Git
크로스플랫폼 앱개발자,Flutter
크로스플랫폼 앱개발자,C#
크로스플랫폼 앱개발자,Python
크로스플랫폼 앱개발자,Git
크로스플랫폼 앱개발자,AWS
크로스플랫폼 앱개발자,Firebase
크로스플랫폼 앱개발자,React Native
크로스플랫폼 앱개발자,TypeScript
크로스플랫폼 앱개발자,Android OS
크로스플랫폼 앱개발자,iOS
크로스플랫폼 앱개발자,JavaScript
크로스플랫폼 앱개발자,Redux
크로스플랫폼 앱개발자,Git
게임 클라이언트 개발자,C++
게임 클라이언트 개발자,Unity
게임 클라이언트 개발자,Unreal Engine
게임 클라이언트 개발자,Swift
게임 클라이언트 개발자,Objective-C
게임 클라이언트 개발자,Kotlin
게임 클라이언트 개발자,Java
게임 클라이언트 개발자,JavaScript
게임 클라이언트 개발자,Unity
게임 클라이언트 개발자,C#
게임 클라이언트 개발자,Unity
게임 클라이언트 개발자,C#
게임 클라이언트 개발자,C++
게임 클라이언트 개발자,Unreal Engine
게임 클라이언트 개발자,Blockchain
게임 클라이언트 개발자,Unreal Engine
게임 클라이언트 개발자,C++
게임 클라이언트 개발자,Unity
게임 클라이언트 개발자,C#
게임 클라이언트 개발자,QA
게임 서버 개발자,Node.js
게임 서버 개발자,MySQL
게임 서버 개발자,MongoDB
게임 서버 개발자,Linux
게임 서버 개발자,C#
게임 서버 개발자,C++
게임 서버 개발자,Redis
게임 서버 개발자,GitHub
게임 서버 개발자,Jenkins
게임 서버 개발자,C++
게임 서버 개발자,Node.js
게임 서버 개발자,MySQL
게임 서버 개발자,Docker
게임 서버 개발자,C
게임 서버 개발자,C#
게임 서버 개발자,JavaScript
게임 서버 개발자,Python
게임 서버 개발자,C
게임 서버 개발자,C++
게임 서버 개발자,Network
DBA,Redis
DBA,MySQL
DBA,MariaDB
DBA,SQL
DBA,NoSql
DBA,MSSQL
DBA,AWS
DBA,DB
DBA,Oracle
DBA,Shell
DBA,Java
DBA,C
DBA,C++
DBA,Python
빅데이터 엔지니어,SQL
빅데이터 엔지니어,R
빅데이터 엔지니어,Python
빅데이터 엔지니어,Tableau
빅데이터 엔지니어,Redash
빅데이터 엔지니어,Notion
빅데이터 엔지니어,Slack
빅데이터 엔지니어,SQL
빅데이터 엔지니어,R
빅데이터 엔지니어,Python
빅데이터 엔지니어,Tableau
빅데이터 엔지니어,Redash
빅데이터 엔지니어,GitHub Actions
빅데이터 엔지니어,DeepLearning
빅데이터 엔지니어,MachineLearning
빅데이터 엔지니어,Python
빅데이터 엔지니어,JavaScript
빅데이터 엔지니어,C++
빅데이터 엔지니어,Java
빅데이터 엔지니어,MachineLearning
빅데이터 엔지니어,Spark
빅데이터 엔지니어,Python
빅데이터 엔지니어,AWS
빅데이터 엔지니어,AZURE
빅데이터 엔지니어,Tableau
빅데이터 엔지니어,TensorFlow
빅데이터 엔지니어,PyTorch
빅데이터 엔지니어,Docker
빅데이터 엔지니어,Python
빅데이터 엔지니어,DeepLearning
빅데이터 엔지니어,AI
빅데이터 엔지니어,인공지능
빅데이터 엔지니어,BigData
빅데이터 엔지니어,Python
빅데이터 엔지니어,AI
빅데이터 엔지니어,인공지능
빅데이터 엔지니어,BigData
빅데이터 엔지니어,Python
빅데이터 엔지니어,MachineLearning
빅데이터 엔지니어,DeepLearning
빅데이터 엔지니어,AI
빅데이터 엔지니어,인공지능
빅데이터 엔지니어,BigData
빅데이터 엔지니어,Python
빅데이터 엔지니어,TensorFlow
빅데이터 엔지니어,PyTorch
빅데이터 엔지니어,AI
빅데이터 엔지니어,인공지능
빅데이터 엔지니어,DeepLearning
빅데이터 엔지니어,MachineLearning
빅데이터 엔지니어,SQL
빅데이터 엔지니어,Python
빅데이터 엔지니어,R
빅데이터 엔지니어,PyTorch
빅데이터 엔지니어,TensorFlow
빅데이터 엔지니어,RDB
빅데이터 엔지니어,NoSql
빅데이터 엔지니어,Git
빅데이터 엔지니어,Docker
빅데이터 엔지니어,AI
빅데이터 엔지니어,인공지능
빅데이터 엔지니어,DeepLearning
빅데이터 엔지니어,Python
빅데이터 엔지니어,R
빅데이터 엔지니어,MATLAB
빅데이터 엔지니어,MachineLearning
빅데이터 엔지니어,DeepLearning
빅데이터 엔지니어,AI
빅데이터 엔지니어,인공지능
빅데이터 엔지니어,Python
빅데이터 엔지니어,RDB
빅데이터 엔지니어,DB
빅데이터 엔지니어,Neo4j
빅데이터 엔지니어,Python
빅데이터 엔지니어,Flask
빅데이터 엔지니어,Gunicorn
빅데이터 엔지니어,Django
빅데이터 엔지니어,AZURE
빅데이터 엔지니어,GCP
인공지능/머신러닝,Python
인공지능/머신러닝,PyTorch
인공지능/머신러닝,TensorFlow
인공지능/머신러닝,DeepLearning
인공지능/머신러닝,C
인공지능/머신러닝,C++
인공지능/머신러닝,TensorFlow
인공지능/머신러닝,PyTorch
인공지능/머신러닝,Python
인공지능/머신러닝,C++
인공지능/머신러닝,C++ Builder
인공지능/머신러닝,Embedded
인공지능/머신러닝,Git
인공지능/머신러닝,Jira
인공지능/머신러닝,Python
인공지능/머신러닝,Docker
인공지능/머신러닝,PyTorch
인공지능/머신러닝,TensorFlow
인공지능/머신러닝,OpenCV
인공지능/머신러닝,AI
인공지능/머신러닝,인공지능
인공지능/머신러닝,DeepLearning
인공지능/머신러닝,MachineLearning
인공지능/머신러닝,AWS
인공지능/머신러닝,ai
인공지능/머신러닝,인공지능
인공지능/머신러닝,machinelearning
인공지능/머신러닝,c#
인공지능/머신러닝,.net
인공지능/머신러닝,Linux
인공지능/머신러닝,Python
인공지능/머신러닝,TensorFlow
인공지능/머신러닝,Keras
인공지능/머신러닝,Python
인공지능/머신러닝,Docker
인공지능/머신러닝,PyTorch
인공지능/머신러닝,TensorFlow
인공지능/머신러닝,OpenCV
인공지능/머신러닝,DeepLearning
인공지능/머신러닝,Python
인공지능/머신러닝,C++
인공지능/머신러닝,Linux
인공지능/머신러닝,DeepLearning
인공지능/머신러닝,c
인공지능/머신러닝,machinelearning
인공지능/머신러닝,ai
인공지능/머신러닝,인공지능
인공지능/머신러닝,linux
인공지능/머신러닝,python
인공지능/머신러닝,pytorch
인공지능/머신러닝,C
인공지능/머신러닝,C++
인공지능/머신러닝,GitHub Actions
인공지능/머신러닝,DeepLearning
인공지능/머신러닝,MachineLearning
인공지능/머신러닝,Git
인공지능/머신러닝,PyTorch
인공지능/머신러닝,MachineLearning
인공지능/머신러닝,DeepLearning
인공지능/머신러닝,AI
인공지능/머신러닝,인공지능
인공지능/머신러닝,Docker
인공지능/머신러닝,Swift
인공지능/머신러닝,Python
인공지능/머신러닝,DeepLearning
인공지능/머신러닝,Python
인공지능/머신러닝,TensorFlow
인공지능/머신러닝,Linux
인공지능/머신러닝,AI
인공지능/머신러닝,인공지능
인공지능/머신러닝,AI
인공지능/머신러닝,인공지능
인공지능/머신러닝,Python
인공지능/머신러닝,TensorFlow
인공지능/머신러닝,PyTorch
인공지능/머신러닝,OpenAPI
인공지능/머신러닝,REST API
인공지능/머신러닝,JSON
인공지능/머신러닝,C
인공지능/머신러닝,C++
인공지능/머신러닝,ROS
인공지능/머신러닝,Linux
인공지능/머신러닝,Embedded
인공지능/머신러닝,Python
인공지능/머신러닝,AI
인공지능/머신러닝,인공지능
인공지능/머신러닝,Google AI Platform
인공지능/머신러닝,DeepLearning
인공지능/머신러닝,MachineLearning
인공지능/머신러닝,C
인공지능/머신러닝,C++
인공지능/머신러닝,MATLAB
인공지능/머신러닝,PyTorch
인공지능/머신러닝,TensorFlow
인공지능/머신러닝,ROS
인공지능/머신러닝,DeepLearning
인공지능/머신러닝,Python
인공지능/머신러닝,Python
인공지능/머신러닝,TensorFlow
인공지능/머신러닝,PyTorch
인공지능/머신러닝,Rest.li
인공지능/머신러닝,JSON
인공지능/머신러닝,NLP
인공지능/머신러닝,DeepLearning
인공지능/머신러닝,Python
인공지능/머신러닝,TensorFlow
인공지능/머신러닝,PyTorch
인공지능/머신러닝,MachineLearning
인공지능/머신러닝,Python
인공지능/머신러닝,PyTorch
인공지능/머신러닝,Flask
인공지능/머신러닝,Java
인공지능/머신러닝,AI
인공지능/머신러닝,인공지능
인공지능/머신러닝,NLP
인공지능/머신러닝,Python
인공지능/머신러닝,C++
인공지능/머신러닝,TensorFlow
인공지능/머신러닝,Keras
인공지능/머신러닝,PyTorch
인공지능/머신러닝,MachineLearning
인공지능/머신러닝,Python
인공지능/머신러닝,Ubuntu
인공지능/머신러닝,PyTorch
인공지능/머신러닝,Keras
인공지능/머신러닝,scikit-learn
인공지능/머신러닝,GitHub
인공지능/머신러닝,keras
인공지능/머신러닝,tensorflow
인공지능/머신러닝,pytorch
인공지능/머신러닝,kafka
인공지능/머신러닝,redis
인공지능/머신러닝,ai
인공지능/머신러닝,인공지능
인공지능/머신러닝,TensorFlow
인공지능/머신러닝,PyTorch
인공지능/머신러닝,Docker
인공지능/머신러닝,Python
인공지능/머신러닝,DeepLearning
인공지능/머신러닝,AI
인공지능/머신러닝,인공지능
인공지능/머신러닝,BigData
인공지능/머신러닝,C++
인공지능/머신러닝,Python
인공지능/머신러닝,OpenCV
인공지능/머신러닝,Mfc
인공지능/머신러닝,MariaDB
인공지능/머신러닝,TensorFlow
인공지능/머신러닝,PyTorch
인공지능/머신러닝,deeplearning
인공지능/머신러닝,ai
인공지능/머신러닝,인공지능
인공지능/머신러닝,network
인공지능/머신러닝,pytorch
인공지능/머신러닝,tensorflow
인공지능/머신러닝,ai
인공지능/머신러닝,인공지능
인공지능/머신러닝,python
인공지능/머신러닝,tensorflow
인공지능/머신러닝,keras
인공지능/머신러닝,pytorch
인공지능/머신러닝,machinelearning
인공지능/머신러닝,opencv
인공지능/머신러닝,C
인공지능/머신러닝,C++
인공지능/머신러닝,Python
인공지능/머신러닝,MachineLearning
인공지능/머신러닝,AI
인공지능/머신러닝,인공지능
인공지능/머신러닝,AWS
인공지능/머신러닝,Python
인공지능/머신러닝,Go
인공지능/머신러닝,JavaScript
인공지능/머신러닝,MachineLearning
인공지능/머신러닝,AI
인공지능/머신러닝,인공지능
인공지능/머신러닝,Python
인공지능/머신러닝,AI
인공지능/머신러닝,인공지능
인공지능/머신러닝,BigData
인공지능/머신러닝,TensorFlow
인공지능/머신러닝,Python
인공지능/머신러닝,C++
인공지능/머신러닝,MATLAB
인공지능/머신러닝,AI
인공지능/머신러닝,인공지능
인공지능/머신러닝,Python
인공지능/머신러닝,PyTorch
인공지능/머신러닝,TensorFlow
인공지능/머신러닝,Keras
인공지능/머신러닝,AI
인공지능/머신러닝,인공지능
인공지능/머신러닝,MachineLearning
인공지능/머신러닝,C
인공지능/머신러닝,C++
인공지능/머신러닝,Scala
인공지능/머신러닝,Haskell
인공지능/머신러닝,F#
인공지능/머신러닝,PyTorch
인공지능/머신러닝,TensorFlow
인공지능/머신러닝,DeepLearning
인공지능/머신러닝,Python
인공지능/머신러닝,MachineLearning
인공지능/머신러닝,DeepLearning
인공지능/머신러닝,AI
인공지능/머신러닝,인공지능
인공지능/머신러닝,BigData
인공지능/머신러닝,Python
인공지능/머신러닝,TensorFlow
인공지능/머신러닝,PyTorch
인공지능/머신러닝,AI
인공지능/머신러닝,인공지능
인공지능/머신러닝,DeepLearning
인공지능/머신러닝,MachineLearning
인공지능/머신러닝,Python
인공지능/머신러닝,Linux
인공지능/머신러닝,TensorFlow
인공지능/머신러닝,PyTorch
인공지능/머신러닝,AI
인공지능/머신러닝,인공지능
인공지능/머신러닝,Python
인공지능/머신러닝,PyTorch
인공지능/머신러닝,DeepLearning
인공지능/머신러닝,NLP
인공지능/머신러닝,MachineLearning
인공지능/머신러닝,Python
인공지능/머신러닝,DeepLearning
인공지능/머신러닝,TensorFlow
인공지능/머신러닝,PyTorch
인공지능/머신러닝,AI
인공지능/머신러닝,인공지능
인공지능/머신러닝,Python
인공지능/머신러닝,C++
인공지능/머신러닝,Pandas
인공지능/머신러닝,PyTorch
인공지능/머신러닝,TensorFlow
인공지능/머신러닝,OpenCV
인공지능/머신러닝,DeepLearning
인공지능/머신러닝,C
인공지능/머신러닝,C++
인공지능/머신러닝,AI
인공지능/머신러닝,인공지능
인공지능/머신러닝,Python
인공지능/머신러닝,TensorFlow
인공지능/머신러닝,Linux
인공지능/머신러닝,Docker
인공지능/머신러닝,Git
인공지능/머신러닝,MachineLearning
인공지능/머신러닝,Python
인공지능/머신러닝,Jira
인공지능/머신러닝,R
인공지능/머신러닝,SQL
인공지능/머신러닝,AI
인공지능/머신러닝,인공지능
인공지능/머신러닝,Git
인공지능/머신러닝,C++
인공지능/머신러닝,AWS App Mesh
인공지능/머신러닝,3D Volume Rendering
인공지능/머신러닝,OpenGL
인공지능/머신러닝,AI
인공지능/머신러닝,인공지능
인공지능/머신러닝,OpenCV
인공지능/머신러닝,Python
인공지능/머신러닝,DeepLearning
인공지능/머신러닝,SW
인공지능/머신러닝,MachineLearning
인공지능/머신러닝,PyTorch
인공지능/머신러닝,PyTorch
인공지능/머신러닝,TensorFlow
인공지능/머신러닝,RDB
인공지능/머신러닝,NoSql
인공지능/머신러닝,Git
인공지능/머신러닝,Docker
인공지능/머신러닝,AI
인공지능/머신러닝,인공지능
인공지능/머신러닝,DeepLearning
인공지능/머신러닝,Python
인공지능/머신러닝,TensorFlow
인공지능/머신러닝,AI
인공지능/머신러닝,인공지능
인공지능/머신러닝,Python
인공지능/머신러닝,R
인공지능/머신러닝,MATLAB
인공지능/머신러닝,MachineLearning
인공지능/머신러닝,DeepLearning
인공지능/머신러닝,AI
인공지능/머신러닝,인공지능
인공지능/머신러닝,Python
인공지능/머신러닝,C
인공지능/머신러닝,C++
인공지능/머신러닝,OpenCV
인공지능/머신러닝,Embedded
인공지능/머신러닝,Docker
인공지능/머신러닝,TensorFlow
인공지능/머신러닝,PyTorch
인공지능/머신러닝,Visual C++
인공지능/머신러닝,C
인공지능/머신러닝,C++
인공지능/머신러닝,MATLAB
인공지능/머신러닝,SW
인공지능/머신러닝,C++
인공지능/머신러닝,Docker
인공지능/머신러닝,C
인공지능/머신러닝,C++
인공지능/머신러닝,C
인공지능/머신러닝,Python
인공지능/머신러닝,SW
인공지능/머신러닝,DeepLearning
인공지능/머신러닝,C++
인공지능/머신러닝,AI
인공지능/머신러닝,인공지능
인공지능/머신러닝,OpenCV
인공지능/머신러닝,MachineLearning
devops/시스템 엔지니어,AWS Shell
devops/시스템 엔지니어,Python
devops/시스템 엔지니어,Java
devops/시스템 엔지니어,Go
devops/시스템 엔지니어,PHP
devops/시스템 엔지니어,Node.js
devops/시스템 엔지니어,Ruby
devops/시스템 엔지니어,.NET
devops/시스템 엔지니어,Rust
devops/시스템 엔지니어,Linux
devops/시스템 엔지니어,AWS
devops/시스템 엔지니어,Jenkins
devops/시스템 엔지니어,Docker
devops/시스템 엔지니어,MSA
devops/시스템 엔지니어,python
devops/시스템 엔지니어,Linux
devops/시스템 엔지니어,Python
devops/시스템 엔지니어,C
devops/시스템 엔지니어,C++
devops/시스템 엔지니어,Golang
devops/시스템 엔지니어,ELK
devops/시스템 엔지니어,Splunk
devops/시스템 엔지니어,Windows
devops/시스템 엔지니어,Linux
devops/시스템 엔지니어,macOS
devops/시스템 엔지니어,Network
devops/시스템 엔지니어,Linux
devops/시스템 엔지니어,Docker
devops/시스템 엔지니어,Node.js
devops/시스템 엔지니어,Git
devops/시스템 엔지니어,Jenkins
devops/시스템 엔지니어,AWS
devops/시스템 엔지니어,Kubernetes
devops/시스템 엔지니어,Ansible
devops/시스템 엔지니어,Linux
devops/시스템 엔지니어,Windows
devops/시스템 엔지니어,MySQL
devops/시스템 엔지니어,MSSQL
devops/시스템 엔지니어,Python
devops/시스템 엔지니어,Apache Tomcat
devops/시스템 엔지니어,NGINX
devops/시스템 엔지니어,Linux
devops/시스템 엔지니어,CentOS
devops/시스템 엔지니어,SW
devops/시스템 엔지니어,Windows Server
devops/시스템 엔지니어,vmware
devops/시스템 엔지니어,XenServer
devops/시스템 엔지니어,Windows
devops/시스템 엔지니어,Linux
devops/시스템 엔지니어,NGINX
devops/시스템 엔지니어,Apache Tomcat
devops/시스템 엔지니어,Docker
devops/시스템 엔지니어,Kubernetes
devops/시스템 엔지니어,Ansible
devops/시스템 엔지니어,Oracle
devops/시스템 엔지니어,AWS
devops/시스템 엔지니어,VPN
devops/시스템 엔지니어,Utm
devops/시스템 엔지니어,Firewall
devops/시스템 엔지니어,Linux
devops/시스템 엔지니어,C
devops/시스템 엔지니어,C++
devops/시스템 엔지니어,Python
devops/시스템 엔지니어,Go
devops/시스템 엔지니어,Linux
devops/시스템 엔지니어,AWS
devops/시스템 엔지니어,AZURE
devops/시스템 엔지니어,GCP
devops/시스템 엔지니어,TCP
devops/시스템 엔지니어,IP
devops/시스템 엔지니어,Docker
devops/시스템 엔지니어,Jira
devops/시스템 엔지니어,Confluence
devops/시스템 엔지니어,Bitbucket
devops/시스템 엔지니어,Linux
devops/시스템 엔지니어,Git
devops/시스템 엔지니어,Apache Tomcat
devops/시스템 엔지니어,Python
devops/시스템 엔지니어,MATLAB
devops/시스템 엔지니어,MCU
devops/시스템 엔지니어,Pads
devops/시스템 엔지니어,Visual Basic
devops/시스템 엔지니어,MSSQL
devops/시스템 엔지니어,Visual Studio
devops/시스템 엔지니어,ERP
devops/시스템 엔지니어,Java
devops/시스템 엔지니어,Spring Framework
devops/시스템 엔지니어,C
devops/시스템 엔지니어,Python
devops/시스템 엔지니어,Linux
devops/시스템 엔지니어,Linux
devops/시스템 엔지니어,Network
devops/시스템 엔지니어,OpenStack
devops/시스템 엔지니어,Linux
devops/시스템 엔지니어,CentOS
devops/시스템 엔지니어,Docker
devops/시스템 엔지니어,Network
devops/시스템 엔지니어,c
devops/시스템 엔지니어,c++
devops/시스템 엔지니어,sw
devops/시스템 엔지니어,linux
devops/시스템 엔지니어,windows
devops/시스템 엔지니어,network
devops/시스템 엔지니어,Network
devops/시스템 엔지니어,Switch
devops/시스템 엔지니어,Python
devops/시스템 엔지니어,Shell
devops/시스템 엔지니어,JavaScript
devops/시스템 엔지니어,GCP
devops/시스템 엔지니어,AWS
devops/시스템 엔지니어,Windows Server
devops/시스템 엔지니어,Network
devops/시스템 엔지니어,TCP
devops/시스템 엔지니어,IP
devops/시스템 엔지니어,Linux
devops/시스템 엔지니어,ethernet
devops/시스템 엔지니어,Network
devops/시스템 엔지니어,Microsoft Office 365
devops/시스템 엔지니어,TCP
devops/시스템 엔지니어,IP
devops/시스템 엔지니어,embedded
devops/시스템 엔지니어,linux
devops/시스템 엔지니어,Java
devops/시스템 엔지니어,C
devops/시스템 엔지니어,C++
devops/시스템 엔지니어,Python
devops/시스템 엔지니어,SW
devops/시스템 엔지니어,Network
devops/시스템 엔지니어,AWS
devops/시스템 엔지니어,Sentry
devops/시스템 엔지니어,Grafana
devops/시스템 엔지니어,Kubernetes
devops/시스템 엔지니어,AWS
devops/시스템 엔지니어,Linux
devops/시스템 엔지니어,Docker
devops/시스템 엔지니어,Terraform
devops/시스템 엔지니어,Linux
devops/시스템 엔지니어,Python
devops/시스템 엔지니어,C++
devops/시스템 엔지니어,C
devops/시스템 엔지니어,Embedded
devops/시스템 엔지니어,Git
devops/시스템 엔지니어,Network
devops/시스템 엔지니어,C++
devops/시스템 엔지니어,Linux
devops/시스템 엔지니어,C
devops/시스템 엔지니어,Python
devops/시스템 엔지니어,Yocto
devops/시스템 엔지니어,PLC
devops/시스템 엔지니어,Network
devops/시스템 엔지니어,Switch
devops/시스템 엔지니어,Router
정보보안 담당자,CISA
정보보안 담당자,CISSP
정보보안 담당자,Python
정보보안 담당자,C
정보보안 담당자,C++
정보보안 담당자,Golang
정보보안 담당자,ELK
정보보안 담당자,Splunk
정보보안 담당자,Windows
정보보안 담당자,Linux
정보보안 담당자,macOS
정보보안 담당자,Network
정보보안 담당자,CISA
정보보안 담당자,CISSP
정보보안 담당자,Linux
정보보안 담당자,Windows
정보보안 담당자,Python
정보보안 담당자,PHP
정보보안 담당자,MySQL
정보보안 담당자,ELK
정보보안 담당자,C#
정보보안 담당자,Network
정보보안 담당자,DB
정보보안 담당자,IPS
정보보안 담당자,Apache Tomcat
정보보안 담당자,MariaDB
정보보안 담당자,OpenSSL
정보보안 담당자,Apache HTTP Server
정보보안 담당자,PostgreSQL
정보보안 담당자,Linux
정보보안 담당자,DB
정보보안 담당자,SW
정보보안 담당자,C
정보보안 담당자,C#
정보보안 담당자,C++
정보보안 담당자,Linux
정보보안 담당자,Visual C++
정보보안 담당자,MES
정보보안 담당자,ERP
정보보안 담당자,Java
정보보안 담당자,JavaScript
정보보안 담당자,AWS WAF
정보보안 담당자,CISSP
정보보안 담당자,CISA
정보보안 담당자,CISA
정보보안 담당자,CISSP
정보보안 담당자,CISSP
정보보안 담당자,CISA
정보보안 담당자,ISMS
QA 엔지니어,QA
QA 엔지니어,Selenium
QA 엔지니어,Postman
QA 엔지니어,REST API
QA 엔지니어,Notion
QA 엔지니어,Slack
QA 엔지니어,Kubernetes
QA 엔지니어,K8S
QA 엔지니어,Oracle
QA 엔지니어,QA
QA 엔지니어,SW
QA 엔지니어,FW
QA 엔지니어,Jira
QA 엔지니어,Python
QA 엔지니어,Git
QA 엔지니어,Selenium
QA 엔지니어,Cypress
QA 엔지니어,Zephyr
QA 엔지니어,Fiddler
QA 엔지니어,QA
QA 엔지니어,QA
QA 엔지니어,Selenium
QA 엔지니어,Postman
QA 엔지니어,QA
QA 엔지니어,SW
QA 엔지니어,GitLab
QA 엔지니어,QA
QA 엔지니어,SW
QA 엔지니어,Git
QA 엔지니어,PHP
QA 엔지니어,JavaScript
QA 엔지니어,MySQL
QA 엔지니어,Python
QA 엔지니어,QA
QA 엔지니어,Python
QA 엔지니어,AI
QA 엔지니어,인공지능
QA 엔지니어,C
QA 엔지니어,C++
QA 엔지니어,github
QA 엔지니어,sw
QA 엔지니어,qa
QA 엔지니어,Jira
QA 엔지니어,QA
QA 엔지니어,QA
QA 엔지니어,Embedded
QA 엔지니어,QA
개발 PM,java
개발 PM,microsoft office 365
개발 PM,SW
HW/임베디드,Verilog
HW/임베디드,EDA
HW/임베디드,ASIC
HW/임베디드,FPGA
HW/임베디드,Python
HW/임베디드,c++
HW/임베디드,c
HW/임베디드,Java
HW/임베디드,HW
HW/임베디드,C
HW/임베디드,C++
HW/임베디드,MCU
HW/임베디드,Embedded
HW/임베디드,PCB
HW/임베디드,HW
HW/임베디드,Embedded Linux
HW/임베디드,HW
HW/임베디드,RF
HW/임베디드,PCB
HW/임베디드,HW
HW/임베디드,Switch
HW/임베디드,C
HW/임베디드,C++
HW/임베디드,C#
HW/임베디드,Linux
HW/임베디드,ROS
HW/임베디드,RTOS
HW/임베디드,MATLAB
HW/임베디드,Embedded
HW/임베디드,HW
HW/임베디드,SW
HW/임베디드,FPGA
HW/임베디드,Verilog
HW/임베디드,Git
HW/임베디드,FW
HW/임베디드,HW
HW/임베디드,Java
HW/임베디드,JavaScript
HW/임베디드,Embedded
HW/임베디드,Embedded Linux
HW/임베디드,C++
HW/임베디드,Node.js
HW/임베디드,FPGA
HW/임베디드,HW
HW/임베디드,MCU
HW/임베디드,ARM
HW/임베디드,Circuit design
HW/임베디드,PCB
HW/임베디드,Autocad
HW/임베디드,HW
HW/임베디드,HW
HW/임베디드,Solidworks
HW/임베디드,HW
HW/임베디드,FW
HW/임베디드,SMPS
HW/임베디드,HW
HW/임베디드,Orcad
HW/임베디드,PCB
HW/임베디드,Pads
HW/임베디드,Python
HW/임베디드,MATLAB
HW/임베디드,MCU
HW/임베디드,Pads
HW/임베디드,Orcad
HW/임베디드,Pads
HW/임베디드,SMPS
HW/임베디드,PCB
HW/임베디드,HW
HW/임베디드,MCU
HW/임베디드,HW
HW/임베디드,MCU
HW/임베디드,Orcad
HW/임베디드,Autocad
HW/임베디드,C#
HW/임베디드,.NET
HW/임베디드,MSSQL
HW/임베디드,ASP.NET
HW/임베디드,SW
HW/임베디드,HW
HW/임베디드,FPGA
HW/임베디드,Embedded Linux
HW/임베디드,C++
HW/임베디드,MQTT
HW/임베디드,Android OS
HW/임베디드,Azure IoT Hub
HW/임베디드,MCU
HW/임베디드,C
HW/임베디드,FW
HW/임베디드,c
HW/임베디드,c++
HW/임베디드,verilog
HW/임베디드,shell
HW/임베디드,python
HW/임베디드,C
HW/임베디드,C++
HW/임베디드,Embedded
HW/임베디드,JavaScript
HW/임베디드,PHP
HW/임베디드,HW
HW/임베디드,Embedded
HW/임베디드,Analog
HW/임베디드,FW
HW/임베디드,HW
HW/임베디드,Orcad
HW/임베디드,Pads
HW/임베디드,Orcad
HW/임베디드,Pads
HW/임베디드,SMPS
HW/임베디드,PCB
HW/임베디드,FW
HW/임베디드,HW
HW/임베디드,FPGA
HW/임베디드,VHDL
HW/임베디드,Verilog
HW/임베디드,FW
HW/임베디드,Embedded
HW/임베디드,FPGA
HW/임베디드,MCU
HW/임베디드,HW
HW/임베디드,Verilog
HW/임베디드,C
HW/임베디드,C++
HW/임베디드,Perl
HW/임베디드,HW
HW/임베디드,Embedded Linux
HW/임베디드,HW
HW/임베디드,SW
HW/임베디드,HW
HW/임베디드,SW
HW/임베디드,Linux
HW/임베디드,Embedded
HW/임베디드,C++
HW/임베디드,OpenCV
HW/임베디드,FFMPEG
HW/임베디드,HW
HW/임베디드,FW
HW/임베디드,HW
HW/임베디드,MCU
HW/임베디드,FW
HW/임베디드,C
HW/임베디드,C++
HW/임베디드,HW
HW/임베디드,HW
HW/임베디드,PCB
HW/임베디드,C
HW/임베디드,FW
HW/임베디드,FW
HW/임베디드,HW
HW/임베디드,Orcad
HW/임베디드,Embedded
HW/임베디드,FPGA
HW/임베디드,Embedded Linux
HW/임베디드,HW
HW/임베디드,Embedded
HW/임베디드,Linux
HW/임베디드,Oracle
HW/임베디드,FW
HW/임베디드,FPGA
HW/임베디드,Embedded Linux
HW/임베디드,FPGA
HW/임베디드,HW
HW/임베디드,Orcad
HW/임베디드,C
HW/임베디드,C++
HW/임베디드,Embedded
HW/임베디드,FW
HW/임베디드,C
HW/임베디드,C++
HW/임베디드,Circuit design
HW/임베디드,HW
HW/임베디드,SW
HW/임베디드,C
HW/임베디드,HW
HW/임베디드,Verilog
HW/임베디드,FPGA
HW/임베디드,Orcad
HW/임베디드,Pads
HW/임베디드,PCB
HW/임베디드,Embedded
HW/임베디드,Azure IoT Hub
HW/임베디드,HW
HW/임베디드,FW
HW/임베디드,HW
HW/임베디드,C
HW/임베디드,ARM
HW/임베디드,Arduino
HW/임베디드,PCB
HW/임베디드,HW
HW/임베디드,FPGA
HW/임베디드,Orcad
HW/임베디드,HW
HW/임베디드,FW
HW/임베디드,HW
HW/임베디드,C
HW/임베디드,C++
HW/임베디드,FW
HW/임베디드,SW
HW/임베디드,HW
HW/임베디드,Embedded
HW/임베디드,C
HW/임베디드,C++
HW/임베디드,Python
HW/임베디드,HTML5
HW/임베디드,MCU
HW/임베디드,MATLAB
HW/임베디드,ROS
HW/임베디드,Rust
HW/임베디드,Embedded
HW/임베디드,HW
HW/임베디드,Pads
HW/임베디드,Orcad
HW/임베디드,HW
HW/임베디드,HW
HW/임베디드,hw
HW/임베디드,fw
HW/임베디드,orcad
HW/임베디드,pads
HW/임베디드,dm
HW/임베디드,pci proxy
HW/임베디드,pcb
HW/임베디드,embedded
HW/임베디드,Embedded Linux
HW/임베디드,C++
HW/임베디드,BigData
HW/임베디드,MSSQL
HW/임베디드,Visual Studio
HW/임베디드,Delphi
HW/임베디드,C
HW/임베디드,C++
HW/임베디드,HW
HW/임베디드,Embedded
HW/임베디드,SW
HW/임베디드,HW
HW/임베디드,FW
HW/임베디드,C++
HW/임베디드,HW
HW/임베디드,FW
HW/임베디드,HW
HW/임베디드,RF
HW/임베디드,HW
HW/임베디드,FW
HW/임베디드,Orcad
HW/임베디드,C
HW/임베디드,C++
HW/임베디드,Embedded Linux
HW/임베디드,RTOS
HW/임베디드,FW
HW/임베디드,C
HW/임베디드,C++
HW/임베디드,Python
HW/임베디드,AWS
HW/임베디드,Embedded
HW/임베디드,Linux
HW/임베디드,SW
HW/임베디드,iOS
HW/임베디드,OpenCV
HW/임베디드,FW
HW/임베디드,C++
HW/임베디드,C
HW/임베디드,RTOS
HW/임베디드,ethernet
HW/임베디드,Embedded
HW/임베디드,C
HW/임베디드,C++
HW/임베디드,Embedded
HW/임베디드,FW
HW/임베디드,MCU
HW/임베디드,C#
HW/임베디드,PCB
HW/임베디드,HW
HW/임베디드,PLC
SW/솔루션,C
SW/솔루션,C++
SW/솔루션,Python
SW/솔루션,Java
SW/솔루션,JavaScript
SW/솔루션,React
SW/솔루션,SW
SW/솔루션,3D Rendering
SW/솔루션,C++
SW/솔루션,C++
SW/솔루션,Linux
SW/솔루션,Python
SW/솔루션,Embedded
SW/솔루션,c
SW/솔루션,C
SW/솔루션,C++
SW/솔루션,Python
SW/솔루션,Java
SW/솔루션,JavaScript
SW/솔루션,React
SW/솔루션,C++
SW/솔루션,Java
SW/솔루션,Python
SW/솔루션,C#
SW/솔루션,Node.js
SW/솔루션,PyTorch
SW/솔루션,MongoDB
SW/솔루션,C++
SW/솔루션,TypeScript
SW/솔루션,Rust
SW/솔루션,React
SW/솔루션,AZURE
SW/솔루션,ai
SW/솔루션,인공지능
SW/솔루션,machinelearning
SW/솔루션,c#
SW/솔루션,.net
SW/솔루션,C
SW/솔루션,C++
SW/솔루션,Java
SW/솔루션,SAP
SW/솔루션,ERP
SW/솔루션,SW
SW/솔루션,Linux
SW/솔루션,Docker Compose
SW/솔루션,Python
SW/솔루션,Jira
SW/솔루션,Git
SW/솔루션,SW
SW/솔루션,C++
SW/솔루션,Windows
SW/솔루션,Linux
SW/솔루션,rpa
SW/솔루션,python
SW/솔루션,java
SW/솔루션,C++
SW/솔루션,C#
SW/솔루션,Java
SW/솔루션,SQL
SW/솔루션,BigData
SW/솔루션,C++
SW/솔루션,C
SW/솔루션,SW
SW/솔루션,MCU
SW/솔루션,Embedded Linux
SW/솔루션,GitHub
SW/솔루션,Qt
SW/솔루션,C++
SW/솔루션,C
SW/솔루션,SW
SW/솔루션,Embedded Linux
SW/솔루션,GitHub
SW/솔루션,C
SW/솔루션,C++
SW/솔루션,C#
SW/솔루션,Linux
SW/솔루션,ROS
SW/솔루션,RTOS
SW/솔루션,MATLAB
SW/솔루션,Embedded
SW/솔루션,HW
SW/솔루션,SW
SW/솔루션,Python
SW/솔루션,C
SW/솔루션,Linux
SW/솔루션,SW
SW/솔루션,MATLAB
SW/솔루션,C
SW/솔루션,C++
SW/솔루션,Python
SW/솔루션,AI
SW/솔루션,인공지능
SW/솔루션,SW
SW/솔루션,Linux
SW/솔루션,C
SW/솔루션,C++
SW/솔루션,SW
SW/솔루션,C
SW/솔루션,C++
SW/솔루션,ROS
SW/솔루션,Linux
SW/솔루션,Embedded
SW/솔루션,sw
SW/솔루션,SW
SW/솔루션,Visual Studio
SW/솔루션,Mfc
SW/솔루션,C#
SW/솔루션,SW
SW/솔루션,C
SW/솔루션,C++
SW/솔루션,Python
SW/솔루션,C++
SW/솔루션,C
SW/솔루션,DB
SW/솔루션,RDB
SW/솔루션,Python
SW/솔루션,NoSql
SW/솔루션,Linux
SW/솔루션,WebSocket
SW/솔루션,Git
SW/솔루션,Firewall
SW/솔루션,Java
SW/솔루션,JavaScript
SW/솔루션,Embedded
SW/솔루션,Embedded Linux
SW/솔루션,C++
SW/솔루션,Node.js
SW/솔루션,Linux
SW/솔루션,Java
SW/솔루션,C
SW/솔루션,C++
SW/솔루션,Android OS
SW/솔루션,C++
SW/솔루션,C#
SW/솔루션,Mfc
SW/솔루션,OpenCV
SW/솔루션,REST API
SW/솔루션,MySQL
SW/솔루션,C++
SW/솔루션,SQL
SW/솔루션,Python
SW/솔루션,OpenSSL
SW/솔루션,GitLab
SW/솔루션,c
SW/솔루션,c++
SW/솔루션,Linux
SW/솔루션,Android OS
SW/솔루션,SW
SW/솔루션,Java
SW/솔루션,REST API
SW/솔루션,C
SW/솔루션,C++
SW/솔루션,Visual Studio
SW/솔루션,OpenGL
SW/솔루션,3D Rendering
SW/솔루션,2D Rendering
SW/솔루션,DirectX
SW/솔루션,C++
SW/솔루션,Qt
SW/솔루션,Jira
SW/솔루션,CUDA
SW/솔루션,Visual Studio
SW/솔루션,ReSharper
SW/솔루션,TeamCity
SW/솔루션,TestComplete
SW/솔루션,Kotlin
SW/솔루션,Android OS
SW/솔루션,AWS
SW/솔루션,SW
SW/솔루션,Jira
SW/솔루션,Confluence
SW/솔루션,Bitbucket
SW/솔루션,Linux
SW/솔루션,Git
SW/솔루션,Apache Tomcat
SW/솔루션,Linux
SW/솔루션,Windows Server
SW/솔루션,OpenStack
SW/솔루션,MySQL
SW/솔루션,Network
SW/솔루션,MSSQL
SW/솔루션,Oracle
SW/솔루션,SW
SW/솔루션,C
SW/솔루션,C++
SW/솔루션,FW
SW/솔루션,OpenStack
SW/솔루션,Linux
SW/솔루션,C++
SW/솔루션,Python
SW/솔루션,C
SW/솔루션,SW
SW/솔루션,Embedded
SW/솔루션,SW
SW/솔루션,Windows
SW/솔루션,Mfc
SW/솔루션,Qt
SW/솔루션,OpenGL
SW/솔루션,SAP
SW/솔루션,ABAP
SW/솔루션,ERP
SW/솔루션,SW
SW/솔루션,C#
SW/솔루션,.NET
SW/솔루션,MSSQL
SW/솔루션,ASP.NET
SW/솔루션,SW
SW/솔루션,HW
SW/솔루션,C#
SW/솔루션,C++
SW/솔루션,Python
SW/솔루션,SW
SW/솔루션,C
SW/솔루션,labview
SW/솔루션,C
SW/솔루션,C++
SW/솔루션,C#
SW/솔루션,TCP
SW/솔루션,IP
SW/솔루션,GUI
SW/솔루션,Mfc
SW/솔루션,SW
SW/솔루션,GitLab
SW/솔루션,Unreal Engine
SW/솔루션,C++
SW/솔루션,C
SW/솔루션,MATLAB
SW/솔루션,Verilog
SW/솔루션,Verilog
SW/솔루션,WPF
SW/솔루션,C#
SW/솔루션,Visual Studio
SW/솔루션,C++
SW/솔루션,.NET
SW/솔루션,Git
SW/솔루션,Slack
SW/솔루션,Windows
SW/솔루션,C
SW/솔루션,C++
SW/솔루션,Python
SW/솔루션,MachineLearning
SW/솔루션,AI
SW/솔루션,인공지능
SW/솔루션,C
SW/솔루션,Python
SW/솔루션,Linux
SW/솔루션,.NET
SW/솔루션,WPF
SW/솔루션,ASP.NET
SW/솔루션,SW
SW/솔루션,C#
SW/솔루션,MES
SW/솔루션,C++
SW/솔루션,Visual Studio
SW/솔루션,OpenGL
SW/솔루션,Jira
SW/솔루션,Windows
SW/솔루션,Git
SW/솔루션,C
SW/솔루션,.NET
SW/솔루션,WPF
SW/솔루션,ASP.NET
SW/솔루션,SW
SW/솔루션,C#
SW/솔루션,MES
SW/솔루션,C
SW/솔루션,C++
SW/솔루션,Scala
SW/솔루션,Haskell
SW/솔루션,F#
SW/솔루션,PyTorch
SW/솔루션,TensorFlow
SW/솔루션,DeepLearning
SW/솔루션,python
SW/솔루션,linux
SW/솔루션,windows
SW/솔루션,network
SW/솔루션,sw
SW/솔루션,C
SW/솔루션,C++
SW/솔루션,SW
SW/솔루션,Python
SW/솔루션,C
SW/솔루션,C++
SW/솔루션,MATLAB
SW/솔루션,C
SW/솔루션,Java
SW/솔루션,Linux
SW/솔루션,Network
SW/솔루션,SW
SW/솔루션,Embedded
SW/솔루션,SW
SW/솔루션,C#
SW/솔루션,Unity
SW/솔루션,Git
SW/솔루션,WPF
SW/솔루션,C++
SW/솔루션,OpenGL
SW/솔루션,Visual Basic
SW/솔루션,Oracle
SW/솔루션,MySQL
SW/솔루션,VBA
SW/솔루션,C#
SW/솔루션,Java
SW/솔루션,Mfc
SW/솔루션,C++
SW/솔루션,OpenCV
SW/솔루션,SW
SW/솔루션,Windows
SW/솔루션,Visual Studio
SW/솔루션,C
SW/솔루션,C++
SW/솔루션,Python
SW/솔루션,ROS
SW/솔루션,Linux
SW/솔루션,Git
SW/솔루션,GitHub
SW/솔루션,C
SW/솔루션,C#
SW/솔루션,C++
SW/솔루션,SourceTree
SW/솔루션,Linux
SW/솔루션,Eclipse
SW/솔루션,Argo
SW/솔루션,Embedded
SW/솔루션,C
SW/솔루션,C++
SW/솔루션,SW
SW/솔루션,C#
SW/솔루션,MSSQL
SW/솔루션,RDB
SW/솔루션,MES
SW/솔루션,c
SW/솔루션,c++
SW/솔루션,sw
SW/솔루션,linux
SW/솔루션,windows
SW/솔루션,network
SW/솔루션,C++
SW/솔루션,Qt
SW/솔루션,Electron
SW/솔루션,Amazon S3
SW/솔루션,Python
SW/솔루션,AI
SW/솔루션,인공지능
SW/솔루션,C
SW/솔루션,C++
SW/솔루션,Python
SW/솔루션,Linux
SW/솔루션,Embedded
SW/솔루션,C
SW/솔루션,C++
SW/솔루션,SW
SW/솔루션,FW
SW/솔루션,github
SW/솔루션,sw
SW/솔루션,qa
SW/솔루션,Linux
SW/솔루션,Windows
SW/솔루션,C++
SW/솔루션,OpenCV
SW/솔루션,FFMPEG
SW/솔루션,C
SW/솔루션,C++
SW/솔루션,SW
SW/솔루션,C
SW/솔루션,C++
SW/솔루션,Linux
SW/솔루션,Qt
SW/솔루션,Socket.IO
SW/솔루션,Visual Studio Code
SW/솔루션,Ubuntu
SW/솔루션,Unity
SW/솔루션,C#
SW/솔루션,Git
SW/솔루션,Unreal Engine
SW/솔루션,C++
SW/솔루션,C++
SW/솔루션,C#
SW/솔루션,Qt
SW/솔루션,ethernet
SW/솔루션,WPF
SW/솔루션,Linux
SW/솔루션,C
SW/솔루션,Ubuntu
SW/솔루션,C
SW/솔루션,Embedded
SW/솔루션,SW
SW/솔루션,Linux
SW/솔루션,Android OS
SW/솔루션,C++
SW/솔루션,Java
SW/솔루션,Embedded Linux
SW/솔루션,Linux
SW/솔루션,Embedded
SW/솔루션,SW
SW/솔루션,C
SW/솔루션,C++
SW/솔루션,Ubuntu
SW/솔루션,Git
SW/솔루션,Java
SW/솔루션,FW
SW/솔루션,Qt
SW/솔루션,C++
SW/솔루션,C#
SW/솔루션,OpenCV
SW/솔루션,SW
SW/솔루션,Backendless
SW/솔루션,ASP.NET
SW/솔루션,MSSQL
SW/솔루션,Git
SW/솔루션,ERP
SW/솔루션,MES
SW/솔루션,C#
SW/솔루션,.NET
SW/솔루션,C
SW/솔루션,SW
SW/솔루션,deeplearning
SW/솔루션,c
SW/솔루션,c++
SW/솔루션,qt
SW/솔루션,opencv
SW/솔루션,c#
SW/솔루션,wpf
SW/솔루션,SW
SW/솔루션,C
SW/솔루션,C++
SW/솔루션,Vb.net
SW/솔루션,C#
SW/솔루션,SW
SW/솔루션,Python
SW/솔루션,C
SW/솔루션,C++
SW/솔루션,C#
SW/솔루션,.NET
SW/솔루션,Qt
SW/솔루션,C++
SW/솔루션,OpenGL
SW/솔루션,Python
SW/솔루션,SW
SW/솔루션,Windows
SW/솔루션,Linux
SW/솔루션,macOS
SW/솔루션,ABAP
SW/솔루션,MySQL
SW/솔루션,SW
SW/솔루션,C++
SW/솔루션,Embedded
SW/솔루션,C
SW/솔루션,Mfc
SW/솔루션,Java
SW/솔루션,Python
SW/솔루션,C#
SW/솔루션,C#
SW/솔루션,C++
SW/솔루션,Mfc
SW/솔루션,MachineLearning
SW/솔루션,SW
SW/솔루션,.NET
SW/솔루션,OpenGL
SW/솔루션,MySQL
SW/솔루션,MSSQL
SW/솔루션,TCP
SW/솔루션,IP
SW/솔루션,C
SW/솔루션,C++
SW/솔루션,C#
SW/솔루션,Mfc
SW/솔루션,C++
SW/솔루션,Mfc
SW/솔루션,SW
SW/솔루션,Embedded
SW/솔루션,C
SW/솔루션,SW
SW/솔루션,SAP
SW/솔루션,ABAP
SW/솔루션,ERP
SW/솔루션,SW
SW/솔루션,Java
SW/솔루션,Spring Boot
SW/솔루션,Python
SW/솔루션,MATLAB
SW/솔루션,GitHub
SW/솔루션,Git
SW/솔루션,Docker
SW/솔루션,RDB
SW/솔루션,C
SW/솔루션,C++
SW/솔루션,Slack
SW/솔루션,C#
SW/솔루션,C++
SW/솔루션,Mfc
SW/솔루션,.NET
SW/솔루션,WPF
SW/솔루션,SW
SW/솔루션,Embedded Linux
SW/솔루션,C
SW/솔루션,C++
SW/솔루션,TCP
SW/솔루션,IP
SW/솔루션,Shell
SW/솔루션,HTML5
SW/솔루션,JsonAPI
SW/솔루션,SW
SW/솔루션,REST API
SW/솔루션,SW
SW/솔루션,HW
SW/솔루션,SAP
SW/솔루션,ABAP
SW/솔루션,SW
SW/솔루션,ERP
SW/솔루션,SAP
SW/솔루션,ABAP
SW/솔루션,ERP
SW/솔루션,SW
SW/솔루션,SAP
SW/솔루션,ABAP
SW/솔루션,SW
SW/솔루션,Java
SW/솔루션,Spring
SW/솔루션,JSP
SW/솔루션,jQuery
SW/솔루션,Oracle
SW/솔루션,MSSQL
SW/솔루션,ERP
SW/솔루션,SW
SW/솔루션,C++
SW/솔루션,Lua
SW/솔루션,BigData
SW/솔루션,C#
SW/솔루션,Java
SW/솔루션,C
SW/솔루션,C++
SW/솔루션,Python
SW/솔루션,SW
SW/솔루션,C#
SW/솔루션,C++
SW/솔루션,C
SW/솔루션,Embedded Linux
SW/솔루션,FW
SW/솔루션,SW
SW/솔루션,Embedded
SW/솔루션,Visual Studio
SW/솔루션,Mfc
SW/솔루션,C#
SW/솔루션,SW
SW/솔루션,C
SW/솔루션,C++
SW/솔루션,FW
SW/솔루션,SW
SW/솔루션,HW
SW/솔루션,Embedded
SW/솔루션,MATLAB
SW/솔루션,Python
SW/솔루션,labview
SW/솔루션,SW
SW/솔루션,C#
SW/솔루션,C++
SW/솔루션,Linux
SW/솔루션,RDB
SW/솔루션,C
SW/솔루션,C++
SW/솔루션,Python
SW/솔루션,HTML5
SW/솔루션,MCU
SW/솔루션,MATLAB
SW/솔루션,ROS
SW/솔루션,Rust
SW/솔루션,Embedded
SW/솔루션,HW
SW/솔루션,C
SW/솔루션,C++
SW/솔루션,Python
SW/솔루션,Java
SW/솔루션,Qt
SW/솔루션,C#
SW/솔루션,Visual C++
SW/솔루션,Linux
SW/솔루션,Android OS
SW/솔루션,RTOS
SW/솔루션,C#
SW/솔루션,C++
SW/솔루션,C
SW/솔루션,MySQL
SW/솔루션,MSSQL
SW/솔루션,SQL
SW/솔루션,C++
SW/솔루션,C#
SW/솔루션,SW
SW/솔루션,CUDA
SW/솔루션,C++
SW/솔루션,C#
SW/솔루션,Mfc
SW/솔루션,DB
SW/솔루션,WPF
SW/솔루션,SW
SW/솔루션,Network
SW/솔루션,SQL
SW/솔루션,Windows
SW/솔루션,Linux
SW/솔루션,MSSQL
SW/솔루션,C#
SW/솔루션,WPF
SW/솔루션,Notion
SW/솔루션,C
SW/솔루션,MySQL
SW/솔루션,C++
SW/솔루션,Git
SW/솔루션,RPA
SW/솔루션,Java
SW/솔루션,JavaScript
SW/솔루션,C#
SW/솔루션,C
SW/솔루션,C++
SW/솔루션,HW
SW/솔루션,Embedded
SW/솔루션,SW
SW/솔루션,Visual C++
SW/솔루션,C
SW/솔루션,C++
SW/솔루션,MATLAB
SW/솔루션,SW
SW/솔루션,MCU
SW/솔루션,RTOS
SW/솔루션,Embedded Linux
SW/솔루션,C
SW/솔루션,C++
SW/솔루션,ARM
SW/솔루션,SW
SW/솔루션,C++
SW/솔루션,Docker
SW/솔루션,C
SW/솔루션,C
SW/솔루션,C++
SW/솔루션,Embedded Linux
SW/솔루션,Linux
SW/솔루션,C
SW/솔루션,C++
SW/솔루션,Linux
SW/솔루션,RTOS
SW/솔루션,FW
SW/솔루션,SW
SW/솔루션,FW
SW/솔루션,C
SW/솔루션,SW
SW/솔루션,c#
SW/솔루션,c++
SW/솔루션,Mfc
SW/솔루션,C#
SW/솔루션,.NET
SW/솔루션,VBA
SW/솔루션,C
SW/솔루션,C++
SW/솔루션,MATLAB
SW/솔루션,ROS
SW/솔루션,C
SW/솔루션,C++
SW/솔루션,Python
SW/솔루션,AWS
SW/솔루션,Embedded
SW/솔루션,Linux
SW/솔루션,SW
SW/솔루션,iOS
SW/솔루션,OpenCV
SW/솔루션,FW
SW/솔루션,SW
SW/솔루션,C
SW/솔루션,C++
SW/솔루션,ARM
SW/솔루션,C
SW/솔루션,C++
SW/솔루션,Python
SW/솔루션,SPICE
SW/솔루션,EDA
SW/솔루션,C++
SW/솔루션,C
SW/솔루션,Python
SW/솔루션,SW
SW/솔루션,DeepLearning
SW/솔루션,C++
SW/솔루션,SW
SW/솔루션,ABAP
SW/솔루션,ERP
SW/솔루션,SAP
SW/솔루션,FW
웹퍼블리셔,JavaScript
웹퍼블리셔,HTML5
웹퍼블리셔,CSS 3
웹퍼블리셔,JSP
웹퍼블리셔,Figma
웹퍼블리셔,HTML5
웹퍼블리셔,CSS 3
웹퍼블리셔,SCSS
웹퍼블리셔,JavaScript
웹퍼블리셔,React
웹퍼블리셔,HTML5
웹퍼블리셔,CSS 3
웹퍼블리셔,SCSS
웹퍼블리셔,JavaScript
웹퍼블리셔,jQuery
웹퍼블리셔,Java
웹퍼블리셔,WordPress
웹퍼블리셔,WooCommerce
웹퍼블리셔,CSS 3
웹퍼블리셔,JavaScript
웹퍼블리셔,React
웹퍼블리셔,HTML5
VR/AR/3D,Git
VR/AR/3D,PyTorch
VR/AR/3D,MachineLearning
VR/AR/3D,DeepLearning
VR/AR/3D,AI
VR/AR/3D,인공지능
VR/AR/3D,Docker
VR/AR/3D,Unity
VR/AR/3D,C#
VR/AR/3D,Unreal Engine
VR/AR/3D,AR
VR/AR/3D,VR
VR/AR/3D,C++
VR/AR/3D,AI
VR/AR/3D,인공지능
VR/AR/3D,OpenCV
VR/AR/3D,MachineLearning
블록체인,C++
블록체인,Unreal Engine
블록체인,Blockchain
블록체인,Blockchain
블록체인,Go
블록체인,MySQL
블록체인,AZURE
블록체인,Git
블록체인,Slack
블록체인,Notion
블록체인,Jira
블록체인,TypeScript
블록체인,Solidity
블록체인,Blockchain
블록체인,Smartcontract
블록체인,Linux
블록체인,AWS
블록체인,GCP
블록체인,blockchain
기술지원,Azure CDN
기술지원,Network
기술지원,Linux
기술지원,CloudFlare
기술지원,Java
기술지원,Windows
기술지원,Linux
기술지원,Docker
기술지원,Python
기술지원,Network
기술지원,Linux
기술지원,Windows
기술지원,Unity
기술지원,C#
기술지원,Linux
기술지원,CentOS
기술지원,SW
기술지원,Windows Server
기술지원,vmware
기술지원,XenServer
기술지원,Windows
기술지원,Cisco
기술지원,Network
기술지원,sw
기술지원,Oracle
기술지원,Linux
기술지원,RDB
기술지원,MariaDB
기술지원,Network
기술지원,TCP
기술지원,IP
기술지원,OpenStack
기술지원,Linux
기술지원,Linux
기술지원,DB
기술지원,Linux
기술지원,Network
기술지원,OpenStack
기술지원,Linux
기술지원,CentOS
기술지원,Docker
기술지원,Network
기술지원,Linux
기술지원,Windows
기술지원,SW
기술지원,ABAP
기술지원,MySQL
기술지원,SW
기술지원,JavaScript
기술지원,TypeScript
기술지원,HTML5
기술지원,CSS 3
기술지원,React
기술지원,GCP
기술지원,AWS
기술지원,Windows Server
기술지원,Microsoft Excel
기술지원,Orcad
기술지원,Pads
기술지원,SMPS
기술지원,PCB
기술지원,FW
기술지원,HW
기술지원,C
기술지원,C++
기술지원,Java
기술지원,Linux
기술지원,SW
기술지원,Network
기술지원,TCP
기술지원,IP
기술지원,Linux
기술지원,ethernet
기술지원,Java
기술지원,ABAP
기술지원,.NET
기술지원,ERP
기술지원,Network
기술지원,Microsoft Office 365
기술지원,TCP
기술지원,IP
기술지원,embedded
기술지원,linux
기술지원,C
기술지원,C++
기술지원,MATLAB
기술지원,ROS
기술지원,Embedded
기술지원,QA
기술지원,PLC
기술지원,Network
기술지원,Switch
기술지원,Router
기술지원,Linux
기술지원,Network
기술지원,Network
기술지원,Router
서버/백엔드 개발자,JavaScript
서버/백엔드 개발자,TypeScript
서버/백엔드 개발자,C++
서버/백엔드 개발자,AWS
서버/백엔드 개발자,Linux
서버/백엔드 개발자,NoSql
서버/백엔드 개발자,MariaDB
서버/백엔드 개발자,Python
서버/백엔드 개발자,JavaScript
서버/백엔드 개발자,TypeScript
서버/백엔드 개발자,C++
서버/백엔드 개발자,AWS
서버/백엔드 개발자,Linux
서버/백엔드 개발자,NoSql
서버/백엔드 개발자,MariaDB
서버/백엔드 개발자,Python
프론트엔드 개발자,React
프론트엔드 개발자,Vue.js
프론트엔드 개발자,JavaScript
프론트엔드 개발자,TypeScript
프론트엔드 개발자,HTML5
프론트엔드 개발자,CSS 3
프론트엔드 개발자,Webpack
프론트엔드 개발자,React
프론트엔드 개발자,Vue.js
프론트엔드 개발자,JavaScript
프론트엔드 개발자,TypeScript
프론트엔드 개발자,HTML5
프론트엔드 개발자,CSS 3
프론트엔드 개발자,Webpack
프론트엔드 개발자,HTML5
프론트엔드 개발자,CSS 3
프론트엔드 개발자,JavaScript
프론트엔드 개발자,React
프론트엔드 개발자,AngularJS
프론트엔드 개발자,NoSql
프론트엔드 개발자,REST API
프론트엔드 개발자,HTML5
프론트엔드 개발자,CSS 3
프론트엔드 개발자,JavaScript
프론트엔드 개발자,React
프론트엔드 개발자,AngularJS
프론트엔드 개발자,NoSql
프론트엔드 개발자,REST API
프론트엔드 개발자,Vue.js
프론트엔드 개발자,JavaScript
프론트엔드 개발자,CSS 3
프론트엔드 개발자,HTML5
프론트엔드 개발자,REST API
프론트엔드 개발자,NGINX
프론트엔드 개발자,OAuth2
프론트엔드 개발자,Vue.js
프론트엔드 개발자,JavaScript
프론트엔드 개발자,CSS 3
프론트엔드 개발자,HTML5
프론트엔드 개발자,REST API
프론트엔드 개발자,NGINX
프론트엔드 개발자,OAuth2
정보보안 담당자,CISA
정보보안 담당자,CISSP
정보보안 담당자,CISA
정보보안 담당자,CISSP
SW/솔루션,SAP
SW/솔루션,ERP
SW/솔루션,SQL
SW/솔루션,Network
SW/솔루션,SAP
SW/솔루션,ERP
SW/솔루션,SQL
SW/솔루션,Network
SW/솔루션,C++
SW/솔루션,.NET
SW/솔루션,OpenCV
SW/솔루션,DICOM
SW/솔루션,AR
SW/솔루션,VR
SW/솔루션,C++
SW/솔루션,.NET
SW/솔루션,OpenCV
SW/솔루션,DICOM
SW/솔루션,AR
SW/솔루션,VR
SW/솔루션,C
SW/솔루션,C++
SW/솔루션,Linux
SW/솔루션,SW
SW/솔루션,C
SW/솔루션,C++
SW/솔루션,Linux
SW/솔루션,SW
