직무,기업,제목,주소,기술스택
서버/백엔드 개발자,투비콘,"웹 개발자(ASP.NET, C#) 채용",서울 중구,"ASP.NET
· C#
· MSSQL
· REST API
· SQL
· AWS"
서버/백엔드 개발자,쿡앱스,"[쿡앱스] 서버 프로그래머(병역특례-전문연구요원, 석사 학력 이상)",경기 성남시,"TypeScript
· Python
· Git
· gRPC
· Rest.li
· Docker
· MySQL
· PostgreSQL"
서버/백엔드 개발자,티엔에이치,[부산] 백엔드 개발자 (Node.js),부산 해운대구,"Node.js
· TypeScript
· MySQL
· JavaScript
· Linux
· jQuery"
서버/백엔드 개발자,페이타랩,"[패스오더] 백엔드 개발자 (Spring, Python, MSA) (병역특례/산업기능요원/보충역/전직)",서울 강남구,"Python
· Java
· Jenkins
· AWS
· Redis
· PostgreSQL
· MSA
· Docker
· NGINX"
서버/백엔드 개발자,챔프스터디,[해커스 교육그룹] PHP 프로그래머 채용,서울 서초구,"MariaDB
· Linux
· REST API
· AWS CodeCommit
· Git
· MySQL
· AWS
· PHP"
서버/백엔드 개발자,제이앤피메디,[JNPMEDI] 백엔드 개발자 신입 모집,인천 연수구,"TypeScript
· MySQL
· AWS
· GitHub Actions
· Java"
서버/백엔드 개발자,넛지헬스케어,[병역특례] 백엔드 개발(Node.js) 산업기능요원 모집,서울 강남구,"Node.js
· mysql
· amazon dynamodb
· postgresql
· elasticsearch
· aws"
서버/백엔드 개발자,씨케이스택,"Node.js 백엔드 개발자, IoT플랫폼 개발자",경기 성남시,"Node.js
· MySQL
· Redis
· MQTT
· Python
· AWS"
서버/백엔드 개발자,페이타랩,"[패스오더] 백엔드 개발자(Spring, Python, MSA)",서울 강남구,"Python
· Java
· Kotlin
· Flask
· Spring
· Git
· Jenkins
· Docker
· AWS"
서버/백엔드 개발자,데브툴즈,백엔드 개발자,경기 안양시,"Go
· Node.js
· NoSql
· REST API"
서버/백엔드 개발자,엑셈,[코스닥상장사] C 개발자(신입),서울 강서구,"C
· C++
· Linux
· Windows"
서버/백엔드 개발자,린온컴퍼니,[서포티] Backend 개발(신입/경력),서울 강남구,"Node.js
· Java
· JavaScript
· TypeScript"
서버/백엔드 개발자,업스테이지,Software Engineer - Backend,경기 용인시,"Golang
· Python
· TypeScript
· C
· C++
· AWS
· MariaDB
· PostgreSQL
· NoSql"
서버/백엔드 개발자,인포그랩,[인포그랩] Backend 소프트웨어 엔지니어 (신입/경력),경기 성남시,"Node.js
· NestJS
· TypeScript
· Go
· PostgreSQL
· TypeORM
· Docker
· AWS"
서버/백엔드 개발자,필락시스,Go 웹 방화벽 개발자,서울 중구,"Go
· PostgreSQL
· Redis
· MongoDB
· NoSql
· Golang"
서버/백엔드 개발자,유디아이디,전자결제서비스(PG) PHP 개발자 모집,서울 구로구,"PHP
· MySQL
· MongoDB
· Laravel
· GitLab
· JavaScript
· jQuery"
서버/백엔드 개발자,팬마음,[병역특례 현역] 백엔드 Node.js 개발자,서울 강남구,"Node.js
· Git
· AWS"
서버/백엔드 개발자,에이치엠씨네트웍스,[CARENATION] 백엔드 개발자(Php),서울 강남구,"MySQL
· MariaDB
· HTML5
· CSS 3
· jQuery
· Bootstrap
· Spring Framework"
서버/백엔드 개발자,브리치,백엔드 서버 개발자,서울 강남구,"PHP
· CodeIgniter
· Laravel
· React.js Boilerplate
· Vue.js
· AngularJS"
서버/백엔드 개발자,파인더스,백엔드 개발자 채용,서울 영등포구,"Java
· Spring Boot
· Spring Data JPA
· MariaDB
· NestJS
· MongoDB
· AWS"
서버/백엔드 개발자,마이너,[MiNER] 서버 개발자,서울 강남구,"JavaScript
· Node.js
· Flask
· Django
· Apache HTTP Server
· MySQL"
서버/백엔드 개발자,위메이드,"백엔드 개발(DeFi / Lending, Crypto Dollar, DEX)",경기 성남시,"Blockchain
· Go
· MySQL
· AZURE
· Git
· Slack
· Notion
· Jira
· TypeScript"
서버/백엔드 개발자,라온로드,서버/백엔드 신입 및 경력,경기 성남시,"REST API
· Go
· Python
· Java
· Node.js
· C++
· Oracle
· MSSQL
· MySQL"
서버/백엔드 개발자,체인위드,[파트타임] 블록체인 지갑 및 AI 플랫폼 백엔드,서울 강남구,"Java
· AI/인공지능
· Blockchain"
서버/백엔드 개발자,위메이드,스마트 컨트랙트 개발(NILE 플랫폼),경기 성남시,"Solidity
· Blockchain
· Smartcontract"
서버/백엔드 개발자,스탬퍼,블록체인 엔지니어(Blockchain Engineer) 정규직 모집,서울 강남구,"Linux
· AWS
· GCP
· blockchain"
서버/백엔드 개발자,팬마음,"[팬플러스] 백엔드(Node.js) 개발자 병역특례_현역, 보충역 모집",서울 강남구,"REST API
· AWS
· Node.js
· Git"
서버/백엔드 개발자,아백,백엔드 웹 개발자,대전 중구,"Ruby
· MySQL
· AWS
· Git"
서버/백엔드 개발자,지놈인사이트테크놀로지,[유망 스타트업] Backend Engineer (전문연구요원 가능),"서울 서초구, 대전 유성구","JavaScript
· TypeScript
· C++
· AWS
· Linux
· NoSql
· MariaDB
· Python"
서버/백엔드 개발자,디지타이드,서버/백엔드 개발자 정규직 신입 채용,서울 종로구,"Linux
· C
· C++"
서버/백엔드 개발자,아이티엘,Node 서버 개발자(병역특례_보충역 지원가능),서울 서초구,"JavaScript
· GitHub
· Docker
· AWS
· MySQL
· Node.js
· Amazon EC2"
서버/백엔드 개발자,웨이즈원,[웨이즈원] 내비게이션 지도 및 소프트웨어 개발,경기 의왕시,"C
· SW
· deeplearning"
서버/백엔드 개발자,클라썸,백엔드(Node.js) 개발자,서울 강남구,"AWS
· GCP
· Node.js
· JavaScript
· TypeScript
· RDB
· NoSql
· WebSocket"
서버/백엔드 개발자,루미르,PC Application UX/UI 항공우주부품 시험 플랫폼 개발 및 유지관리,경기 용인시,"Java
· C
· C++
· Python
· Flask"
서버/백엔드 개발자,오투플러스,[O2pluss] Back-end 개발자 추가 모집,경기 용인시,"PHP
· Laravel
· RDB
· MySQL
· RabbitMQ
· Elasticsearch"
서버/백엔드 개발자,디엔비소프트,[DNBSOFT] 웹 개발자 모집 (백엔드),서울 강남구,"PHP
· JavaScript
· MySQL
· Python
· Git
· HTML5
· jQuery"
서버/백엔드 개발자,원투씨엠,서버/백엔드 개발자 채용 (보충역 지원가능),서울 서초구,"Spring Boot
· MySQL
· REST API
· RDB
· AWS
· AZURE"
서버/백엔드 개발자,에이치투오호스피탈리티,[H2O KOREA] 예약사업부 개발팀 백엔드 개발자 모집,서울 강남구,"Java
· Spring
· PHP
· Python
· MySQL
· JavaScript
· Docker"
서버/백엔드 개발자,아이페이지온,리눅스 서버 개발자(신입),서울 강남구,"C
· C++
· Linux
· Network"
서버/백엔드 개발자,인베스티,[바운더리] 경력직 Java 백엔드 개발자 모집,서울 용산구,"Java
· Spring Boot
· Spring Data JPA
· Spring
· Spring MVC
· AWS
· REST API"
서버/백엔드 개발자,인텔리어스,AI 서비스 백엔드 개발자,경기 광명시,"Python
· FastAPI
· Django
· MariaDB
· DeepLearning"
서버/백엔드 개발자,인텍에프에이,웹 백엔드 작업 및 API 개발,경기 용인시,"Java
· C
· C++
· Python
· SW"
서버/백엔드 개발자,코드넛,신입/경력 개발자 모집(백엔드/프론트엔드),서울 강남구,"MariaDB
· MySQL
· Oracle
· Node.js
· TypeScript
· NestJS
· HTML5
· CSS 3"
서버/백엔드 개발자,포지큐브,"AI Data Engineer (LLM, 신입 및 1년 이상)",서울 강남구,"Python
· Flask
· Gunicorn
· Django
· AZURE
· GCP"
서버/백엔드 개발자,에듀템,JAVA 스프링부트 개발자,서울 마포구,"Spring Boot
· Spring MVC
· MySQL
· MSSQL
· SQL
· Mybatis
· Java"
서버/백엔드 개발자,컨트롤웍스,[신입/경력] Linux 시스템 엔지니어,서울 강남구,"C++
· Linux
· C
· Python
· Yocto"
서버/백엔드 개발자,컨트롤웍스,[신입/경력] 서버 네트워크 엔지니어 (전문연 가능),서울 강남구,"C++
· C
· Network
· TCP/IP
· Linux"
프론트엔드 개발자,아이오트러스트,[IoTrust] 디센트 프론트엔드 개발,서울 강남구,"Node.js
· Vue.js
· Webpack
· Babel
· Slack
· Git
· Visual Studio Code
· HTML5"
프론트엔드 개발자,메라키플레이스,Frontend developer (3년 미만),서울 서초구,"TypeScript
· Next.js
· React
· Vercel
· React Native
· CodePush
· fastlane"
프론트엔드 개발자,데브툴즈,프론트엔드 개발자,경기 안양시,"HTML5
· CSS 3
· JavaScript
· ES6
· Vue.js
· React
· Angular 2
· TypeScript"
프론트엔드 개발자,제이앤피메디,[JNPMEDI] 프론트엔드 개발자 신입 모집,인천 연수구,"React
· JSX
· Sass
· GitHub Actions"
프론트엔드 개발자,넛지헬스케어,[병역특례] 프론트엔드 개발 산업기능요원 모집,서울 강남구,"JavaScript
· HTML5
· React
· REST API
· SQL
· GraphQL
· Java
· CSS 3"
프론트엔드 개발자,씨케이스택,"WEB 프론트엔드 개발자 (웹대시보드, 웹관리자)",경기 성남시,"React
· jQuery
· Vue.js
· Swift
· Kotlin"
프론트엔드 개발자,페이타랩,"[패스오더] 웹 프론트엔드 개발자 (JavaScript, React) (병역특례/산업기능요원/보충역/전직)",서울 강남구,"JavaScript
· Jenkins
· Docker
· AWS
· AngularJS
· NGINX
· Sass
· Zeplin
· React"
프론트엔드 개발자,에이블제이,신규 웹서비스 Front-end 개발자 (1 - 2년),"서울 강남구, 경기 성남시","React
· Vue.js
· JavaScript
· TypeScript
· HTML5
· CSS 3
· Webpack"
프론트엔드 개발자,린온컴퍼니,[서포티] Frontend 개발(신입/경력),서울 강남구,"React
· React.js Boilerplate
· Redux
· JavaScript
· HTML5
· CSS 3
· React Native"
프론트엔드 개발자,에이치에너지,모햇 서비스 프론트엔드 개발,서울 강남구,"JavaScript
· CSS 3
· HTML5
· MySQL
· Vue.js"
프론트엔드 개발자,파토스,Flutter Front-end 개발자,서울 구로구,"Flutter
· Dart
· Node.js
· REST API
· Docker
· Git
· android os
· ios"
프론트엔드 개발자,파인더스,프론트엔드 개발자 채용,서울 영등포구,"React
· React Native
· HTML5
· CSS 3
· SCSS
· Redux
· redux-saga"
프론트엔드 개발자,폴리인스퍼레이션,JavaScript 컨텐츠 개발,서울 송파구,"JavaScript
· HTML5"
프론트엔드 개발자,띵킹프렌즈,[신입] 프론트엔드 개발자(flutter) 모집,서울 강남구,"Flutter
· C#
· Python
· Git
· AWS
· Firebase"
프론트엔드 개발자,엔엑스테크놀로지,[경력] 웹 프론트엔드 개발자,"서울 영등포구, 울산 울주군","HTML5
· CSS 3
· JavaScript
· React
· AngularJS
· NoSql
· REST API"
프론트엔드 개발자,소프트보울,[신입/경력] 프론트(UI/UX) 솔루션 기술지원 및 솔루션 개발/개선,경기 과천시,"JavaScript
· TypeScript
· HTML5
· CSS 3
· React"
프론트엔드 개발자,원투씨엠,프론트엔드 개발자 채용 (보충역 지원가능),"서울 서초구, 경기 성남시","Vue.js
· JavaScript
· CSS 3
· HTML5
· REST API
· NGINX
· OAuth2"
프론트엔드 개발자,인베스티,[boundary] 프론트엔드 개발자 채용,서울 용산구,"React
· React Native
· TypeScript
· JavaScript
· Node.js
· Recoil
· React Query"
프론트엔드 개발자,새임,[세이프에듀] php 프론트엔드 개발자 채용,서울 마포구,"PHP
· HTML5
· CSS 3
· JavaScript
· MySQL
· Node.js
· Android OS
· iOS"
프론트엔드 개발자,코드넛,신입/경력 개발자 모집(백엔드/프론트엔드),서울 강남구,"MariaDB
· MySQL
· Oracle
· Node.js
· TypeScript
· NestJS
· HTML5
· CSS 3"
웹 풀스택 개발자,투비콘,"웹 개발자(ASP.NET, C#) 채용",서울 중구,"ASP.NET
· C#
· MSSQL
· REST API
· SQL
· AWS"
웹 풀스택 개발자,넛지헬스케어,[병역특례] 풀스택 개발 산업기능요원 모집,서울 강남구,"Node.js
· REST API
· AWS
· Git
· aws
· rest api
· python
· javascript"
웹 풀스택 개발자,제이앤피메디,[JNPMEDI] 풀스택 개발자 신입 모집,인천 연수구,"React
· TypeScript
· JSX
· Sass
· GitHub Actions
· Node.js
· MySQL
· AWS"
웹 풀스택 개발자,오엠티아이코리아,ASP.NET 신입 개발자 모집,서울 서초구,"ASP.NET
· JavaScript
· jQuery
· CSS 3
· HTML5
· Microsoft SQL Server
· AZURE"
웹 풀스택 개발자,이스트게임즈,웹풀스택 개발자,서울 서초구,"Java
· JavaScript
· jQuery
· Spring
· Python
· Django
· React
· HTML5
· MySQL"
웹 풀스택 개발자,상록아이엔씨,"[긴급] 웹개발자 모집합니다(jsp,java)",경기 부천시,"JSP
· Java
· JavaScript
· React
· Spring Boot
· TypeScript
· ExpressJS"
웹 풀스택 개발자,모니터랩,Full Stack 웹개발(신입/경력) 채용,서울 구로구,"PHP
· Linux
· PostgreSQL
· NGINX
· HTML5
· JavaScript
· CSS 3
· Python"
웹 풀스택 개발자,지에이파트너스,웹 풀스택 개발자,서울 구로구,"PHP
· Java
· MySQL
· JavaScript
· Apache Tomcat
· Linux"
웹 풀스택 개발자,코닉글로리,TMX JAVA 웹 개발자 모집,서울 강남구,"Java
· Spring
· MySQL
· Elasticsearch"
웹 풀스택 개발자,이너스커뮤니티,DT기술본부 JAVA 개발자 채용 모집,서울 금천구,"Java
· JSP
· jQuery
· Oracle
· React"
웹 풀스택 개발자,휴먼이즈,PHP 개발자,서울 용산구,"php
· html5
· css 3
· mysql
· jquery"
웹 풀스택 개발자,무브멘토,"비디오 커머스 개발자 모집 / 프론트엔드, 백엔드",서울 성동구,".NET
· C#
· CSS 3
· HTML5
· iOS
· Java
· JSP
· MSSQL
· MySQL
· Python"
웹 풀스택 개발자,모니터랩,웹 개발자[협업서비스](신입/경력) 채용,서울 구로구,"PHP
· JavaScript
· REST API
· React
· SW
· Linux"
웹 풀스택 개발자,브이엔티지,[군산근무] 웹/앱 개발자 (신입&경력),전북 군산시,"C#
· Flutter
· React
· React Native
· Python
· Django
· Oracle
· Git
· C++
· MES"
웹 풀스택 개발자,모니터랩,보안제품 서비스 개발 [C/Go/Linux 개발](신입/경력) 채용,서울 구로구,"C
· C++
· Python
· Go
· Java
· JavaScript
· Linux
· Network"
웹 풀스택 개발자,디엔비소프트,[DNBSOFT] 웹 개발자 (풀스택),서울 강남구,"JavaScript
· jQuery
· MySQL
· Git
· HTML5
· PHP"
웹 풀스택 개발자,마드라스체크,[협업툴 플로우] 엔터프라이즈 개발자 모집중,서울 영등포구,"Java
· JavaScript
· jQuery
· Node.js
· RDB
· Linux
· AWS"
웹 풀스택 개발자,케이아이티밸리,웹 개발자 모집,서울 금천구,"Java
· Spring
· JavaScript
· JSP
· Spring Framework
· jQuery"
웹 풀스택 개발자,시큐어,전자결제서비스(PG) 연동 PHP/REACT 개발자,서울 강남구,"PHP
· React
· REST API"
안드로이드 개발자,넛지헬스케어,[병역특례] 안드로이드 개발 산업기능요원 모집,서울 강남구,"Kotlin
· REST API
· Git
· Android OS
· Slack"
안드로이드 개발자,우리요,[(주)우리요] 안드로이드 개발자 채용,전북 전주시,"Java
· Kotlin
· Git
· Android OS"
안드로이드 개발자,페이타랩,[패스오더] Android 개발자 (병역특례/산업기능요원/보충역/전직),서울 강남구,"Java
· Kotlin
· Android Studio
· Git
· Slack
· REST API
· notion.so
· Socket.IO"
안드로이드 개발자,미니레코드,안드로이드 네이티브 개발자 채용,서울 송파구,"Java
· Kotlin
· REST API
· Android Studio"
안드로이드 개발자,이스트시큐리티,[ESTsecurity] 안드로이드 악성코드 분석가,서울 서초구,"javascript
· C++
· C
· Python
· Android OS"
안드로이드 개발자,마이너,[MiNER] 안드로이드 개발자,서울 강남구,"Android Studio
· Kotlin
· OkHttp
· AI/인공지능
· Android OS
· GitHub
· Java"
안드로이드 개발자,아이나비시스템즈,안드로이드 앱 모듈 개발자,경기 성남시,"Kotlin
· Java
· C
· C++
· Android OS
· Android SDK
· SW"
안드로이드 개발자,디지타이드,안드로이드 개발자 정규직 신입 채용,서울 종로구,"Android OS
· HTML5"
안드로이드 개발자,가온미디어,[가온그룹] Android시스템개발(WiFi 담당) 채용,경기 성남시,"C
· Embedded
· SW
· Linux
· Android OS
· C++
· Java
· Embedded Linux"
안드로이드 개발자,WATA Inc.,WATA Inc Android 앱개발 직군 모집,경기 성남시,"Java
· Kotlin
· Android OS
· C++
· Android SDK"
안드로이드 개발자,오케이포스,안드로이드 개발자 (Junior),서울 강남구,"Java
· Kotlin
· Android OS"
안드로이드 개발자,팬마음,[병역특례 현역] 안드로이드 개발자,서울 강남구,"Android OS
· Kotlin
· Java"
안드로이드 개발자,에이엠텔레콤,SW Application 개발,경기 성남시,"C
· C++
· Python
· Java
· Qt
· C#
· Visual C++
· Linux
· Android OS
· RTOS"
안드로이드 개발자,에이엠텔레콤,SW System 개발,경기 성남시,"C
· C++
· Linux
· RTOS
· FW"
IOS 개발자,피피프렌즈,"IOS 개발자(주4.5일,10to19)",서울 서초구,"Swift
· iOS
· SwiftUI"
IOS 개발자,넛지헬스케어,[병역특례] iOS개발 산업기능요원 모집,서울 강남구,"Swift
· SwiftUI
· iOS
· rxswift"
IOS 개발자,페이타랩,[패스오더] iOS 개발자 (병역특례/산업기능요원/보충역/전직),서울 강남구,"iOS
· Swift
· Objective-C
· Git
· Xcode
· Zeplin"
IOS 개발자,페이타랩,[패스오더] iOS 개발자,서울 강남구,"iOS
· Swift
· Objective-C
· Git
· Xcode
· Zeplin"
IOS 개발자,러닝포인트,IOS 개발자 채용,서울 마포구,"iOS
· Swift
· Socket.IO
· Firebase
· Git"
크로스플랫폼 앱개발자,넛지헬스케어,[병역특례] Flutter 개발 산업기능요원 모집,서울 강남구,"Flutter
· Docker
· iOS
· Android OS
· Slack"
크로스플랫폼 앱개발자,챔프스터디,[해커스 교육그룹] 리엑트 네이티브 앱 개발자,서울 서초구,"SQLite
· Network
· JSON
· Firebase
· Crashlytics
· React.js Boilerplate"
크로스플랫폼 앱개발자,우리엔,[우리엔] 반려동물 앱 크로스플랫폼 개발자,경기 화성시,"REST API
· Git
· React Native"
크로스플랫폼 앱개발자,파토스,Flutter Front-end 개발자,서울 구로구,"Flutter
· Dart
· Node.js
· REST API
· Docker
· Git
· android os
· ios"
크로스플랫폼 앱개발자,브리치,React Native 앱 개발자 모집,서울 강남구,"React.js Boilerplate
· React Native
· JavaScript
· ES6
· TypeScript
· React
· Git"
크로스플랫폼 앱개발자,띵킹프렌즈,[신입] 프론트엔드 개발자(flutter) 모집,서울 강남구,"Flutter
· C#
· Python
· Git
· AWS
· Firebase"
크로스플랫폼 앱개발자,클라썸,앱(React Native) 개발자,서울 강남구,"React Native
· TypeScript
· Android OS
· iOS
· JavaScript
· Redux
· Git"
게임 클라이언트 개발자,이스트게임즈,게임클라이언트,서울 서초구,"C++
· Unity
· Unreal Engine
· Swift
· Objective-C
· Kotlin
· Java
· JavaScript"
게임 클라이언트 개발자,쿡앱스,"[쿡앱스] 기술지원팀 게임 클라이언트 프로그래머 ( 병역특례 - 전문연구요원, 석사 이상 학력)",경기 성남시,"Unity
· C#"
게임 클라이언트 개발자,미니레코드,[광주광역시] Unity 게임 클라이언트 개발자,광주 북구,"Unity
· C#"
게임 클라이언트 개발자,버들,언리얼엔진 클라이언트 개발자,서울 강남구,"C++
· Unreal Engine
· Blockchain"
게임 클라이언트 개발자,네비웍스,Unreal 클라이언트 개발자 채용(신입/경력),경기 안양시,"Unreal Engine
· C++"
게임 클라이언트 개발자,아이엠파인,모바일 게임 유니티 개발자,서울 마포구,"Unity
· C#
· QA"
게임 서버 개발자,이스트게임즈,캐주얼게임 서버 개발 담당자,서울 서초구,"Node.js
· MySQL
· MongoDB
· Linux
· C#
· C++
· Redis
· GitHub
· Jenkins"
게임 서버 개발자,이스트게임즈,게임서버,서울 서초구,"C++
· Node.js
· MySQL
· Docker
· C
· C#
· JavaScript
· Python"
게임 서버 개발자,위메이드,[위메이드XR - Legend of YMIR] 서버 프로그래머,경기 성남시,"C
· C++
· Network"
DBA,챔프스터디,[해커스 교육그룹] DBA담당자(신입/경력),서울 서초구,"Redis
· MySQL
· MariaDB
· SQL
· NoSql
· MSSQL
· AWS
· DB
· Oracle
· Shell"
DBA,인텍에프에이,데이터베이스 구축 및 서버관리,경기 용인시,"Java
· C
· C++
· Python"
빅데이터 엔지니어,넛지헬스케어,[캐시워크] 데이터분석 담당 (석사/박사),서울 강남구,"SQL
· R
· Python
· Tableau
· Redash
· Notion
· Slack"
빅데이터 엔지니어,넛지헬스케어,[병역특례] 데이터분석 담당 산업기능요원 모집,서울 강남구,"SQL
· R
· Python
· Tableau
· Redash"
빅데이터 엔지니어,에이모,Computer Vision Engineer,경기 성남시,"GitHub Actions
· DeepLearning
· MachineLearning"
빅데이터 엔지니어,업스테이지,Data Manager,경기 용인시,"Python
· JavaScript
· C++
· Java
· MachineLearning"
빅데이터 엔지니어,텐바이텐,데이터 엔지니어 (~2년),서울 종로구,"Spark
· Python
· AWS
· AZURE
· Tableau"
빅데이터 엔지니어,무브멘토,AI 빅데이터 엔지니어 / 딥러닝 엔지니어 (빅데이터 실무자 모집),서울 성동구,"TensorFlow
· PyTorch
· Docker
· Python
· DeepLearning
· AI/인공지능
· BigData"
빅데이터 엔지니어,폼즈,[생성AI] 프롬프트 엔지니어 (스테이블 디퓨전 데이터 가공 및 실험),서울 마포구,"Python
· AI/인공지능
· BigData"
빅데이터 엔지니어,퍼플아카데미,데이터 분석가 신입/경력 채용,서울 양천구,"Python
· MachineLearning
· DeepLearning
· AI/인공지능
· BigData"
빅데이터 엔지니어,알고리즘코리아,AI 기반 의료용 3D Mesh 생성 알고리즘 연구 개발,서울 금천구,"Python
· TensorFlow
· PyTorch
· AI/인공지능
· DeepLearning
· MachineLearning"
빅데이터 엔지니어,코인원,데이터 분석가,서울 영등포구,"SQL
· Python
· R"
빅데이터 엔지니어,마크클라우드,데이터 엔지니어 (Vision),서울 강남구,"PyTorch
· TensorFlow
· RDB
· NoSql
· Git
· Docker
· AI/인공지능
· DeepLearning"
빅데이터 엔지니어,이몰디노,[eMoldino] AI Data Scientist,서울 중구,"Python
· R
· MATLAB
· MachineLearning
· DeepLearning
· AI/인공지능"
빅데이터 엔지니어,인포시즈,그래프 데이터 사이언티스트,서울 강남구,"Python
· RDB
· DB
· Neo4j"
빅데이터 엔지니어,포지큐브,"AI Data Engineer (LLM, 신입 및 1년 이상)",서울 강남구,"Python
· Flask
· Gunicorn
· Django
· AZURE
· GCP"
인공지능/머신러닝,모빌린트,[전문연구요원 가능] Deep Learning Research Engineer,서울 강남구,"Python
· PyTorch
· TensorFlow
· DeepLearning
· C
· C++"
인공지능/머신러닝,알지에이아이엔씨(RGA Inc.),AI Vision Engineer,서울 서초구,"TensorFlow
· PyTorch
· Python
· C++
· C++ Builder
· Embedded
· Git
· Jira"
인공지능/머신러닝,로민,컴퓨터 비전 개발자,서울 서초구,"Python
· Docker
· PyTorch
· TensorFlow
· OpenCV
· AI/인공지능
· DeepLearning"
인공지능/머신러닝,피플펀드컴퍼니,머신러닝 소프트웨어 엔지니어,서울 서초구,"MachineLearning
· AWS"
인공지능/머신러닝,엔지온시스템,비전검사 / 자동화 검사 / 인공지능 / 머신러닝 제어 개발자 정규직 채용,경기 화성시,"ai/인공지능
· machinelearning
· c#
· .net"
인공지능/머신러닝,뉴로다임,AI(딥러닝) 연구 및 개발,서울 성동구,"Linux
· Python
· TensorFlow
· Keras"
인공지능/머신러닝,로민,자연어처리 개발자,서울 서초구,"Python
· Docker
· PyTorch
· TensorFlow
· OpenCV
· DeepLearning"
인공지능/머신러닝,모빌린트,[전문연구요원 가능] NPU Compiler Engineer,서울 강남구,"Python
· C++
· Linux
· DeepLearning
· c"
인공지능/머신러닝,노르마,양자컴퓨팅 연구원(신입 및 경력),서울 성동구,"machinelearning
· ai/인공지능
· linux
· python
· pytorch
· C
· C++"
인공지능/머신러닝,에이모,Computer Vision Engineer,경기 성남시,"GitHub Actions
· DeepLearning
· MachineLearning"
인공지능/머신러닝,한국딥러닝,딥러닝 엔지니어(3D Reconstruction / Generation),서울 서초구,"Git
· PyTorch
· MachineLearning
· DeepLearning
· AI/인공지능
· Docker"
인공지능/머신러닝,에어스메디컬,Research Scientist,서울 강남구,"Swift
· Python
· DeepLearning"
인공지능/머신러닝,코닉글로리,보안 AI 개발자 모집,서울 강남구,"Python
· TensorFlow
· Linux
· AI/인공지능"
인공지능/머신러닝,파인더스,GPT챗봇 개발자 채용,서울 영등포구,"AI/인공지능
· Python
· TensorFlow
· PyTorch
· OpenAPI
· REST API
· JSON"
인공지능/머신러닝,뉴빌리티,Planning & Control Engineer(전문연구요원 가능),서울 성동구,"C
· C++
· ROS
· Linux
· Embedded"
인공지능/머신러닝,버즈니,[전문연구요원/신입가능] AI/Recommendation System 리서치 엔지니어 - 병역특례,서울 관악구,"Python
· AI/인공지능
· Google AI Platform
· DeepLearning
· MachineLearning"
인공지능/머신러닝,테스트웍스,[병역특례 전문연구요원] Robot Vision 엔지니어,서울 송파구,"C
· C++
· MATLAB
· PyTorch
· TensorFlow
· ROS
· DeepLearning
· Python"
인공지능/머신러닝,파인더스,챗봇 개발자,서울 영등포구,"Python
· TensorFlow
· PyTorch
· Rest.li
· JSON
· NLP
· DeepLearning"
인공지능/머신러닝,알체라,ML researcher,경기 성남시,"Python
· TensorFlow
· PyTorch
· MachineLearning"
인공지능/머신러닝,오케스트로,인공지능 서비스 연구개발자,서울 영등포구,"Python
· PyTorch
· Flask
· Java
· AI/인공지능
· NLP"
인공지능/머신러닝,리빌더에이아이,[리빌더AI] AI 엔지니어 모집,서울 서초구,"Python
· C++
· TensorFlow
· Keras
· PyTorch
· MachineLearning"
인공지능/머신러닝,데이터메이커,ML Engineer,대전 유성구,"Python
· Ubuntu
· PyTorch
· Keras
· scikit-learn
· GitHub"
인공지능/머신러닝,올거나이즈코리아,AI Researcher / Engineer,서울 강남구,"keras
· tensorflow
· pytorch
· kafka
· redis
· ai/인공지능"
인공지능/머신러닝,무브멘토,AI 빅데이터 엔지니어 / 딥러닝 엔지니어 (빅데이터 실무자 모집),서울 성동구,"TensorFlow
· PyTorch
· Docker
· Python
· DeepLearning
· AI/인공지능
· BigData"
인공지능/머신러닝,다누시스,연구소 AI / C++ 개발자 채용,경기 광명시,"C++
· Python
· OpenCV
· Mfc
· MariaDB
· TensorFlow
· PyTorch"
인공지능/머신러닝,블루닷,[신입] 딥러닝 알고리즘 엔지니어,서울 강남구,"deeplearning
· ai/인공지능
· network
· pytorch
· tensorflow"
인공지능/머신러닝,테스트웍스,[병역특례 전문연구요원] AI 엔지니어,서울 송파구,"ai/인공지능
· python
· tensorflow
· keras
· pytorch
· machinelearning
· opencv"
인공지능/머신러닝,에너자이,[전문연구요원 가능] Runtime 소프트웨어 엔지니어 채용,서울 강남구,"C
· C++
· Python
· MachineLearning
· AI/인공지능"
인공지능/머신러닝,알체라,ML Ops Engineer,경기 성남시,"AWS
· Python
· Go
· JavaScript
· MachineLearning
· AI/인공지능"
인공지능/머신러닝,폼즈,[생성AI] 프롬프트 엔지니어 (스테이블 디퓨전 데이터 가공 및 실험),서울 마포구,"Python
· AI/인공지능
· BigData"
인공지능/머신러닝,엑소시스템즈,디지털헬스케어 플랫폼 AI 엔지니어 (병역특례 가능),경기 성남시,"TensorFlow
· Python
· C++
· MATLAB
· AI/인공지능"
인공지능/머신러닝,에너자이,[전문연구요원 가능] ML Engineer/Researcher 채용,서울 강남구,"Python
· PyTorch
· TensorFlow
· Keras
· AI/인공지능
· MachineLearning"
인공지능/머신러닝,에너자이,(전문연구요원 가능) AI 컴파일러 엔지니어 채용,서울 강남구,"C
· C++
· Scala
· Haskell
· F#
· PyTorch
· TensorFlow
· DeepLearning"
인공지능/머신러닝,퍼플아카데미,데이터 분석가 신입/경력 채용,서울 양천구,"Python
· MachineLearning
· DeepLearning
· AI/인공지능
· BigData"
인공지능/머신러닝,알고리즘코리아,AI 기반 의료용 3D Mesh 생성 알고리즘 연구 개발,서울 금천구,"Python
· TensorFlow
· PyTorch
· AI/인공지능
· DeepLearning
· MachineLearning"
인공지능/머신러닝,네비웍스,AI 개발자(신입/경력),경기 안양시,"Python
· Linux
· TensorFlow
· PyTorch
· AI/인공지능"
인공지능/머신러닝,에이블제이,자연어처리 AI 엔지니어(1년 내외 경력자),경기 성남시,"Python
· PyTorch
· DeepLearning
· NLP
· MachineLearning"
인공지능/머신러닝,덴티움,[SW] AI 자동화 기술 SW개발,경기 수원시,"Python
· DeepLearning
· TensorFlow
· PyTorch
· AI/인공지능"
인공지능/머신러닝,펀진,딥러닝 엔지니어 개발자,서울 성동구,"Python
· C++
· Pandas
· PyTorch
· TensorFlow
· OpenCV
· DeepLearning"
인공지능/머신러닝,블루닷,[신입] 코덱 SW 엔지니어,서울 강남구,"C
· C++"
인공지능/머신러닝,액션파워,인공지능/머신러닝 엔지니어 채용,서울 관악구,"AI/인공지능
· Python
· TensorFlow
· Linux
· Docker
· Git
· MachineLearning"
인공지능/머신러닝,오케스트로,지능형 클라우드 R&D 연구원,서울 영등포구,"Python
· Jira
· R
· SQL
· AI/인공지능
· Git"
인공지능/머신러닝,메디트,알고리즘 개발자,서울 영등포구,"C++
· AWS App Mesh
· 3D Volume Rendering
· OpenGL
· AI/인공지능"
인공지능/머신러닝,더블유지에스,머신비전 알고리즘 개발자,경기 수원시,OpenCV
인공지능/머신러닝,폼즈,딥러닝 엔지니어(Generative 분야),서울 구로구,"Python
· DeepLearning
· SW
· MachineLearning
· PyTorch"
인공지능/머신러닝,마크클라우드,데이터 엔지니어 (Vision),서울 강남구,"PyTorch
· TensorFlow
· RDB
· NoSql
· Git
· Docker
· AI/인공지능
· DeepLearning"
인공지능/머신러닝,에듀템,인공지능 기술개발 및 연구,서울 마포구,"Python
· TensorFlow
· AI/인공지능"
인공지능/머신러닝,이몰디노,[eMoldino] AI Data Scientist,서울 중구,"Python
· R
· MATLAB
· MachineLearning
· DeepLearning
· AI/인공지능"
인공지능/머신러닝,에프에스솔루션,컴퓨터 비전 딥러닝/머신러닝 개발자(ADAS/DMS/영상인식) (신입),경기 성남시,"Python
· C
· C++
· OpenCV
· Embedded
· Docker
· TensorFlow
· PyTorch"
인공지능/머신러닝,알피니언메디칼시스템,[일진그룹 계열사] SW개발팀 UE파트/초음파 진단 장비 알고리즘 개발 채용,서울 강서구,"Visual C++
· C
· C++
· MATLAB
· SW"
인공지능/머신러닝,폴라리스오피스,Doc엔지니어링,서울 구로구,"C++
· Docker
· C"
인공지능/머신러닝,컨트롤웍스,[신입/경력] 자율주행 SW 엔지니어,서울 강남구,"C++
· C
· Python
· SW
· DeepLearning"
인공지능/머신러닝,트윔,[면접비 지급] 3D 머신비전 알고리즘 연구개발,경기 화성시,"C++
· AI/인공지능
· OpenCV
· MachineLearning"
devops/시스템 엔지니어,와탭랩스,주니어 데브옵스 엔지니어(DevOps Engineer),서울 서초구,"AWS Shell
· Python
· Java
· Go
· PHP
· Node.js
· Ruby
· .NET
· Rust
· Linux"
devops/시스템 엔지니어,페이타랩,[패스오더] DevOps Engineer (병역특례/산업기능요원/보충역/전직),서울 강남구,"AWS
· Jenkins
· Docker
· MSA"
devops/시스템 엔지니어,티에스엔랩,Python 개발자 채용,경기 용인시,"python
· Linux"
devops/시스템 엔지니어,쏘마,Security Engineer (시큐리티 엔지니어),경기 성남시,"Python
· C
· C++
· Golang
· ELK
· Splunk
· Windows
· Linux
· macOS
· Network"
devops/시스템 엔지니어,티엔에이치,시스템 인프라 운영 엔지니어 채용,경기 성남시,"Linux
· Docker
· Node.js
· Git
· Jenkins
· AWS
· Kubernetes
· Ansible"
devops/시스템 엔지니어,이스트게임즈,온라인/모바일 게임서비스 시스템 엔지니어 (신입/경력),서울 서초구,"Linux
· Windows
· MySQL
· MSSQL
· Python
· Apache Tomcat
· NGINX"
devops/시스템 엔지니어,클루닉스,[서울] 리눅스 시스템 엔지니어,서울 영등포구,"Linux
· CentOS
· SW
· Windows Server
· vmware
· XenServer
· Windows"
devops/시스템 엔지니어,오픈소스컨설팅,미들웨어/PaaS 엔지니어,서울 강남구,"Linux
· NGINX
· Apache Tomcat
· Docker
· Kubernetes
· Ansible"
devops/시스템 엔지니어,한류뱅크,[나스닥 상장사] 시스템 엔지니어,서울 영등포구,"Oracle
· AWS
· VPN
· Utm
· Firewall
· Linux"
devops/시스템 엔지니어,수산아이앤티,[수산INT] 클라우드 플랫폼 개발자(백엔드)(대전 연구소),대전 서구,"C
· C++
· Python
· Go
· Linux
· AWS
· AZURE
· GCP
· TCP/IP
· Docker"
devops/시스템 엔지니어,오픈소스컨설팅,아틀라시안 엔지니어,서울 강남구,"Jira
· Confluence
· Bitbucket
· Linux
· Git
· Apache Tomcat"
devops/시스템 엔지니어,오비이랩,시스템 엔지니어,서울 강남구,"Python
· MATLAB
· MCU
· Pads"
devops/시스템 엔지니어,한국비즈넷,[물류ERP] Win-SABIS 운영 및 유지보수 (VB6 개발자),서울 구로구,"Visual Basic
· MSSQL
· Visual Studio
· ERP
· Java
· Spring Framework"
devops/시스템 엔지니어,블루닷,[신입] 코덱엔지니어(화질분석),서울 강남구,"C
· Python
· Linux"
devops/시스템 엔지니어,모니터랩,클라우드플랫폼 보안 서비스 기술지원(신입/경력) 채용,서울 구로구,"Linux
· Network"
devops/시스템 엔지니어,아토리서치,[ATTO] 기술지원 엔지니어 모집,서울 서초구,"OpenStack
· Linux
· CentOS
· Docker
· Network"
devops/시스템 엔지니어,쿤텍,C 언어 개발자 경력/신입,경기 성남시,"c
· c++
· sw
· linux
· windows
· network"
devops/시스템 엔지니어,에스피케이인크,Network Engineer,서울 용산구,"Network
· Switch"
devops/시스템 엔지니어,에스피케이인크,K8S Product Support Engineer,서울 용산구,"Python
· Shell
· JavaScript"
devops/시스템 엔지니어,넷킬러,[서울] Google Cloud / Work space / 솔루션 기술팀 채용,서울 중구,"GCP
· AWS
· Windows Server"
devops/시스템 엔지니어,케이엠에스테크놀로지,네트워크 프로토콜 분석 전문가,서울 강남구,"Network
· TCP/IP
· Linux
· ethernet"
devops/시스템 엔지니어,아마존웹서비시즈코리아,"Data Center Network Technician Trainee, Infrastructure Delivery",서울 강남구,"Network
· Microsoft Office 365
· TCP/IP"
devops/시스템 엔지니어,아고스비전,컴퓨터 비전 및 임베디드 시스템 프로그래머 모집,대전 유성구,"embedded
· linux"
devops/시스템 엔지니어,인텍에프에이,통신 네트워크 구축 및 시스템구축,경기 용인시,"Java
· C
· C++
· Python
· SW
· Network"
devops/시스템 엔지니어,티오더,SRE Engineer,서울 영등포구,"AWS
· Sentry
· Grafana"
devops/시스템 엔지니어,지니언스,Cloud 운영 개발자 모집,경기 안양시,"Kubernetes
· AWS
· Linux
· Docker
· Terraform"
devops/시스템 엔지니어,컨트롤웍스,[신입/경력] 자율주행 플랫폼 엔지니어,서울 강남구,"Linux
· Python
· C++
· C
· Embedded
· Git
· Network"
devops/시스템 엔지니어,컨트롤웍스,[신입/경력] Linux 시스템 엔지니어,서울 강남구,"C++
· Linux
· C
· Python
· Yocto"
devops/시스템 엔지니어,디엔비소프트,[DNBSOFT]PLC/HMI 자동제어 기술자 모집,강원 원주시,PLC
devops/시스템 엔지니어,아마존웹서비시즈코리아,"Data Center Cable Install Technician, Infrastructure Delivery",서울 강남구,"Network
· Switch
· Router"
정보보안 담당자,이글루코퍼레이션,[보안관제센터] 부산지역 보안운영 신입,부산 남구,"CISA
· CISSP"
정보보안 담당자,쏘마,Security Engineer (시큐리티 엔지니어),경기 성남시,"Python
· C
· C++
· Golang
· ELK
· Splunk
· Windows
· Linux
· macOS
· Network"
정보보안 담당자,이글루코퍼레이션,[전략사업부] 정보보안 사업 수행 신입/경력 채용,서울 송파구,"CISA
· CISSP"
정보보안 담당자,이스트게임즈,정보 보안 운영 관리 엔지니어 (신입/경력),서울 서초구,"Linux
· Windows
· Python
· PHP
· MySQL
· ELK
· C#
· Network
· DB
· IPS"
정보보안 담당자,씨큐윈,네트워크 보안 엔지니어 신입 및 경력 모집,서울 성동구,"Apache Tomcat
· MariaDB
· OpenSSL
· Apache HTTP Server
· PostgreSQL"
정보보안 담당자,쿤텍,보안 솔루션 구축 엔지니어(신입),경기 성남시,"Linux
· DB"
정보보안 담당자,키미디에스,보안솔루션 엔지니어,서울 서초구,SW
정보보안 담당자,에이팩트,"정보보안담당자(MES, ERP) 상시채용",충북 진천군,"C
· C#
· C++
· Linux
· Visual C++
· MES
· ERP
· Java
· JavaScript"
정보보안 담당자,씨아이솔루션,보안 솔루션 운영 경력자 모집,서울 영등포구,AWS WAF
정보보안 담당자,이글루코퍼레이션,[인프라사업본부] 보안관제 및 침해대응,대전 유성구,"CISSP
· CISA"
정보보안 담당자,이글루코퍼레이션,[보안관제센터] 보안관제 운영,서울 송파구,"CISA
· CISSP"
정보보안 담당자,이글루코퍼레이션,[인프라사업본부] 보안컨설팅 및 취약점진단,대전 유성구,"CISSP
· CISA
· ISMS"
정보보안 담당자,이글루코퍼레이션,[보안관제센터] 클라우드 보안서비스/솔루션 운영,"서울 강서구, 서울 송파구","CISA
· CISSP"
QA 엔지니어,넛지헬스케어,[병역특례] QA담당 산업기능요원 모집,서울 강남구,"QA
· Selenium
· Postman
· REST API
· Notion
· Slack"
QA 엔지니어,엑셈,[코스닥상장사] 소프트웨어 QA(신입/~2년이하경력),서울 강서구,"Kubernetes
· K8S
· Oracle
· QA
· SW
· FW"
QA 엔지니어,에어스메디컬,QA Engineer,서울 강남구,"Jira
· Python
· Git
· Selenium
· Cypress
· Zephyr
· Fiddler
· QA"
QA 엔지니어,컴즈,QA / Test 엔지니어 채용(분당),경기 성남시,QA
QA 엔지니어,팬마음,"팬플러스 QA 담당(병역특례_현역, 보충역)",서울 강남구,"Selenium
· Postman
· QA"
QA 엔지니어,네비웍스,Software Quality Assurance (신입 가능),경기 안양시,"SW
· GitLab"
QA 엔지니어,이지식스(엠블),[TADA] QA Engineer,서울 강남구,"QA
· SW"
QA 엔지니어,디엔비소프트,[DNBSOFT] QA 엔지니어,서울 강남구,"Git
· PHP
· JavaScript
· MySQL
· Python
· QA"
QA 엔지니어,에너자이,[전문연구요원 가능] AI Camera 테스트 / 화질최적화 엔지니어,서울 강남구,"Python
· AI/인공지능
· C
· C++"
QA 엔지니어,인터엑스,[울산] QA 엔지니어,울산 중구,"github
· sw
· qa"
QA 엔지니어,클라썸,QA 담당자,서울 강남구,"Jira
· QA"
QA 엔지니어,위메이드,게임QA,경기 성남시,QA
QA 엔지니어,아이엠에스커넥트,"차량용 IoT 단말기 검증, 테스트 부문 (QA)",서울 광진구,"Embedded
· QA"
개발 PM,라라스테이션,프로젝트 어시스턴트,서울 강남구,"java
· microsoft office 365"
개발 PM,메이븐클라우드서비스,응용프로그램 개발자(신입/경력) 채용,서울 강남구,SW
HW/임베디드,모빌린트,[전문연구원 가능] SoC Design Engineer,경기 성남시,"Verilog
· EDA
· ASIC
· FPGA
· Python
· c++
· c
· Java"
HW/임베디드,볼시스,무선통신 및 해양로봇 개발자,부산 영도구,HW
HW/임베디드,바딧,임베디드(HW) 개발자,서울 금천구,"C
· C++
· MCU
· Embedded
· PCB
· HW"
HW/임베디드,텔레픽스,[대전] 전자부 개발 지원 하드웨어 엔지니어(신입),대전 유성구,"Embedded Linux
· HW"
HW/임베디드,베렉스,RF ICs Design & Layout Engineer 신입/경력,서울 강남구,"RF
· PCB
· HW
· Switch"
HW/임베디드,알지에이아이엔씨(RGA Inc.),로보틱스 & 제어 엔지니어,서울 서초구,"C
· C++
· C#
· Linux
· ROS
· RTOS
· MATLAB
· Embedded
· HW
· SW"
HW/임베디드,티에스엔랩,FPGA 개발자,경기 용인시,"FPGA
· Verilog
· Git
· FW
· HW"
HW/임베디드,파더스랩,Automotive 차량용 SW 개발자(신입),서울 강남구,"Java
· JavaScript
· Embedded
· Embedded Linux
· C++
· Node.js"
HW/임베디드,삼지전자,Digital HW 개발,경기 화성시,"FPGA
· HW"
HW/임베디드,오토콘테크,방위산업분야 하드웨어(회로설계) 개발,경남 창원시,"MCU
· ARM
· Circuit design
· PCB
· Autocad
· HW"
HW/임베디드,닷밀,기업부설연구소 technical designer 채용,서울 마포구,HW
HW/임베디드,배룩스,조명용 LED 모듈 HW 개발자,서울 서초구,"Solidworks
· HW
· FW
· SMPS"
HW/임베디드,비솔,회로설계,경기 광명시,"HW
· Orcad
· PCB
· Pads"
HW/임베디드,오비이랩,시스템 엔지니어,서울 강남구,"Python
· MATLAB
· MCU
· Pads"
HW/임베디드,에스알,[에스알] 하드웨어 개발 연구원 H/W,경기 의왕시,"Orcad
· Pads
· SMPS
· PCB
· HW
· MCU"
HW/임베디드,바텍,HW개발자 (신입),경기 화성시,"HW
· MCU
· Orcad
· Autocad"
HW/임베디드,도미노코리아,[도미노코리아] 코딩&마킹 SW 개발자,경기 성남시,"C#
· .NET
· MSSQL
· ASP.NET
· SW
· HW"
HW/임베디드,테크플렉스,통신 FPGA HDL 설계 엔지니어,대전 유성구,FPGA
HW/임베디드,맥스로직,소프트웨어/임베디드,경기 광명시,"Embedded Linux
· C++
· MQTT
· Android OS
· Azure IoT Hub
· MCU
· C
· FW"
HW/임베디드,블루닷,[신입] 반도체 회로 설계 개발자 채용,서울 강남구,"c
· c++
· verilog
· shell
· python"
HW/임베디드,엠브레인,차량용 블랙박스 개발자,경기 용인시,"C
· C++
· Embedded
· JavaScript
· PHP"
HW/임베디드,엑소시스템즈,디지털헬스케어 플랫폼 임베디드 개발자 (병역특례 가능),경기 성남시,"HW
· Embedded
· Analog
· FW"
HW/임베디드,엠투아이코퍼레이션,하드웨어 개발자 신입/경력 채용,경기 안양시,"HW
· Orcad
· Pads"
HW/임베디드,에스알,[에스알] 펌웨어 개발 연구원 F/W,경기 의왕시,"Orcad
· Pads
· SMPS
· PCB
· FW
· HW"
HW/임베디드,아이코어,"머신비전 임베디드 개발자 (펌웨어, FPGA)",경기 안양시,"FPGA
· VHDL
· Verilog
· FW
· Embedded"
HW/임베디드,라온솔루션,H/W 연구개발 전문연구인력 모집,경기 성남시,"FPGA
· MCU
· HW"
HW/임베디드,칩스앤미디어,대구_시스템반도체 HW Engineer(신입),대구 동구,"Verilog
· C
· C++
· Perl
· HW"
HW/임베디드,범진전자,오디오 임베디드 S/W 개발,경기 수원시,"Embedded Linux
· HW
· SW"
HW/임베디드,쎄크,PLC 제어,경기 수원시,"HW
· SW"
HW/임베디드,라온로드,HW/임베디드 신입 및 경력,경기 성남시,"Linux
· Embedded
· C++
· OpenCV
· FFMPEG
· HW"
HW/임베디드,제이오텍,[연구실험장비] 하드웨어/펌웨어 개발자,대전 유성구,"FW
· HW"
HW/임베디드,에스디티,기업부설연구소 MCU F/W 개발(신입),서울 강남구,"MCU
· FW
· C
· C++
· HW"
HW/임베디드,아이코어,머신비전 하드웨어 개발자,경기 안양시,"HW
· PCB"
HW/임베디드,수일개발,펌웨어 설계 개발자,경기 용인시,"C
· FW"
HW/임베디드,블루이엔지,반도체 검사장비 HW(하드웨어) 신입 및 경력직 채용,경기 안양시,"FW
· HW
· Orcad
· Embedded
· FPGA
· Embedded Linux"
HW/임베디드,블루이엔지,회로설계 및 Firmware 개발자,경기 안양시,"HW
· Embedded
· Linux
· Oracle
· FW
· FPGA
· Embedded Linux"
HW/임베디드,웨이브일렉트로닉스,영상신호처리 관련 FPGA 개발자,경기 수원시,"FPGA
· HW
· Orcad"
HW/임베디드,쿤텍,임베디드 응용 프로그램 개발자 신입/경력 채용,경기 성남시,"C
· C++
· Embedded"
HW/임베디드,아이로,로봇물고기 펌웨어 엔지니어,경기 광명시,"FW
· C
· C++
· Circuit design
· HW
· SW"
HW/임베디드,에스디티,기업부설연구소 FPGA Logic F/W 개발,서울 강남구,"C
· HW
· Verilog
· FPGA"
HW/임베디드,맥스로직,하드웨어/임베디드,경기 광명시,"Orcad
· Pads
· PCB
· Embedded
· Azure IoT Hub
· HW"
HW/임베디드,인텍에프에이,전력변환장치 개발자 모집,경기 용인시,"FW
· HW
· C
· ARM
· Arduino
· PCB"
HW/임베디드,웨이브일렉트로닉스,영상신호처리 관련 H/W 개발자,경기 수원시,"HW
· FPGA
· Orcad"
HW/임베디드,삼지전자,시스템 HW 개발,경기 화성시,HW
HW/임베디드,시스콘,제어전장부 제어팀 팀원 충원,부산 강서구,"FW
· HW"
HW/임베디드,엔젤로보틱스,[엔젤로보틱스] 로봇 제어 엔지니어,서울 성동구,"C
· C++
· FW
· SW
· HW
· Embedded"
HW/임베디드,칼만,로봇 개발자,경기 안양시,"C
· C++
· Python
· HTML5
· MCU
· MATLAB
· ROS
· Rust
· Embedded
· HW"
HW/임베디드,엠브레인,차량용 블랙박스 H/W 개발자,경기 용인시,"Pads
· Orcad
· HW"
HW/임베디드,테트라다인,신규/경력직원 채용(HW 개발),서울 구로구,HW
HW/임베디드,텔트론,전자회로 HW FW 개발자 신입 채용,대전 유성구,"hw
· fw
· orcad
· pads"
HW/임베디드,시드코어,하드웨어 개발자,대전 유성구,"dm
· pci proxy
· pcb
· embedded"
HW/임베디드,엠코프,Embedded Vision System,서울 강동구,"Embedded Linux
· C++
· BigData
· MSSQL
· Visual Studio
· Delphi"
HW/임베디드,네오티스,SW/임베디드 정규직 채용,경기 안성시,"C
· C++
· HW
· Embedded
· SW"
HW/임베디드,한슬,HW/임베디드 신입 및 경력사원 채용,대구 달서구,"HW
· FW"
HW/임베디드,빈센,Firmware 개발 경력자,전남 영암군,"C++
· HW
· FW"
HW/임베디드,에이엠텔레콤,HW개발자 채용,경기 성남시,"HW
· RF"
HW/임베디드,수옵틱스,"수옵틱스 (광학기기제조업)_전자 H/W, F/W설계 연구원 모집(서울근무)",서울 구로구,"HW
· FW
· Orcad"
HW/임베디드,앤씨앤,Automotive Embedded ISP S/W 엔지니어 모집,경기 성남시,"C
· C++
· Embedded Linux
· RTOS
· FW"
HW/임베디드,백금티앤에이,SW 개발자 (신입/경력),경기 군포시,"C
· C++
· Python
· AWS
· Embedded
· Linux
· SW
· iOS
· OpenCV
· FW"
HW/임베디드,컨트롤웍스,[신입/경력] 임베디드 엔지니어,서울 강남구,"C++
· C
· RTOS
· ethernet
· Embedded"
HW/임베디드,신스타프리젠츠,[신스타프리젠츠] 펌웨어 신입,서울 영등포구,"C
· C++
· Embedded
· FW
· MCU
· C#"
HW/임베디드,옵토전자,회로개발 경력/신입 채용,경기 시흥시,"PCB
· HW"
HW/임베디드,지에스아이,PLC 제어개발 정규직 신입/경력 채용,충남 천안시,PLC
SW/솔루션,알세미,[병역특례] 응용 SW 개발자 (전문연구요원),서울 강남구,"C
· C++
· Python
· Java
· JavaScript
· React"
SW/솔루션,이마고웍스,"CAD, 그래픽스 연구개발직 (전문연구요원 가능)",서울 강남구,"SW
· 3D Rendering
· C++"
SW/솔루션,모빌린트,[전문연구요원 가능] Software Engineer,서울 강남구,"C++
· Linux
· Python
· Embedded
· c"
SW/솔루션,알세미,응용 SW 개발자 (신입/주니어),서울 강남구,"C
· C++
· Python
· Java
· JavaScript
· React"
SW/솔루션,언리저브,신입/주니어 개발자 채용,서울 강남구,"C++
· Java
· Python
· C#
· Node.js
· PyTorch
· MongoDB"
SW/솔루션,이마고웍스,Web Software Engineer (경력 및 신입/전문연구요원 가능),서울 강남구,"C++
· TypeScript
· Rust
· React
· AZURE"
SW/솔루션,엔지온시스템,비전검사 / 자동화 검사 / 인공지능 / 머신러닝 제어 개발자 정규직 채용,경기 화성시,"ai/인공지능
· machinelearning
· c#
· .net"
SW/솔루션,노르마,암호모듈 개발자(신입 및 경력자),서울 성동구,"C
· C++
· Java"
SW/솔루션,웅진,SAP BC,서울 중구,"SAP
· ERP
· SW"
SW/솔루션,에이아이트릭스,Solution Engineer,서울 서초구,"Linux
· Docker Compose
· Python
· Jira
· Git"
SW/솔루션,엠투아이코퍼레이션,소프트웨어 개발자 신입/경력 채용,경기 안양시,"SW
· C++
· Windows
· Linux"
SW/솔루션,그릿스탠다드,RPA 개발자 신입 및 경력사원 모집,서울 성동구,"rpa
· python
· java"
SW/솔루션,엔시스템,"HMI, PLC, C언어 개발자",경북 포항시,"C++
· C#
· Java
· SQL
· BigData"
SW/솔루션,모비루스,"SW 개발자 모집 [Android, C, C++, QT]",경기 성남시,"C++
· C
· SW
· MCU
· Embedded Linux
· GitHub
· Qt"
SW/솔루션,모비루스,[대구] 소프트웨어 개발자 - System 사업실,대구 동구,"C++
· C
· SW
· Embedded Linux
· GitHub"
SW/솔루션,알지에이아이엔씨(RGA Inc.),로보틱스 & 제어 엔지니어,서울 서초구,"C
· C++
· C#
· Linux
· ROS
· RTOS
· MATLAB
· Embedded
· HW
· SW"
SW/솔루션,컨트롤웍스,[신입/경력] 제어 엔지니어 (전문연구요원 가능),서울 강남구,"Python
· C
· Linux
· SW
· MATLAB"
SW/솔루션,동인기연,[해외근무-필리핀] 전산 시스템개발 및 SAP ERP 운영 (신입),"경기 김포시, 기타","SAP
· ERP
· SQL
· Network"
SW/솔루션,베이리스,[병역특례] 자율주행 부문 S/W 개발자,경기 성남시,"C
· C++
· Python
· AI/인공지능
· SW"
SW/솔루션,코닉글로리,무선 정보보안 SW 개발자 (C/C++),서울 강남구,"Linux
· C
· C++
· SW"
SW/솔루션,뉴빌리티,Planning & Control Engineer(전문연구요원 가능),서울 성동구,"C
· C++
· ROS
· Linux
· Embedded"
SW/솔루션,에이플러스소프트,SW 엔지니어 모집,서울 영등포구,sw
SW/솔루션,이엘피,제어팀 응용 SW 개발 신입 모집,경기 화성시,"SW
· Visual Studio
· Mfc
· C#"
SW/솔루션,포소드,지능형 영상분석 SW 연구개발,서울 영등포구,"SW
· C
· C++
· Python"
SW/솔루션,펜타시큐리티,C++ 소프트웨어 개발자(신입),서울 영등포구,"C++
· C
· DB
· RDB
· Python
· NoSql
· Linux
· WebSocket
· Git
· Firewall"
SW/솔루션,파더스랩,Automotive 차량용 SW 개발자(신입),서울 강남구,"Java
· JavaScript
· Embedded
· Embedded Linux
· C++
· Node.js"
SW/솔루션,베이리스,"SW개발자(리눅스 BSP, IVI 시스템, Frameworks) 적극 모집 합니다.",경기 의왕시,"Linux
· Java
· C
· C++
· Android OS"
SW/솔루션,파이,윈도우즈 프로그래머,경기 수원시,"C++
· C#
· Mfc
· OpenCV
· REST API
· MySQL"
SW/솔루션,이스트시큐리티,[ESTsecurity] 윈도우 C++ 프레임워크 개발자 (신입/경력),서울 서초구,"C++
· SQL
· Python
· OpenSSL
· GitLab"
SW/솔루션,아이나비시스템즈,자동차 OEM 내비게이션 코어 엔진 SW 개발자 모집,경기 성남시,"c
· c++
· Linux
· Android OS
· SW
· Java
· REST API"
SW/솔루션,아이나비시스템즈,자동차 OEM 내비게이션 그래픽스 SW 전문 엔지니어 채용,경기 성남시,"C
· C++
· Visual Studio
· OpenGL
· 3D Rendering
· 2D Rendering
· DirectX"
SW/솔루션,토모큐브,S/W 개발자 경력 및 신입 채용,서울 서초구,"C++
· Qt
· Jira
· CUDA
· Visual Studio
· ReSharper
· TeamCity
· TestComplete"
SW/솔루션,엑소시스템즈,디지털헬스케어 플랫폼 SW개발자(병역특례 가능),경기 성남시,"Kotlin
· Android OS
· AWS
· SW"
SW/솔루션,오픈소스컨설팅,아틀라시안 엔지니어,서울 강남구,"Jira
· Confluence
· Bitbucket
· Linux
· Git
· Apache Tomcat"
SW/솔루션,가야데이터,데이터 백업 솔루션 엔지니어,서울 서초구,"Linux
· Windows Server
· OpenStack
· MySQL
· Network
· MSSQL
· Oracle"
SW/솔루션,태하,전자제어 S/W,경기 남양주시,"SW
· C
· C++
· FW"
SW/솔루션,아토리서치,[ATTO] 서비스 개발자 모집,서울 서초구,"OpenStack
· Linux"
SW/솔루션,컨트롤웍스,[신입] BMS SW 엔지니어(전문연구요원 가능),서울 강남구,"C++
· Python
· C"
SW/솔루션,삼지전자,통신장비 S/W,경기 화성시,"SW
· Embedded"
SW/솔루션,바텍,응용 SW 개발,경기 화성시,"SW
· Windows
· Mfc
· Qt
· OpenGL"
SW/솔루션,대상정보기술,SAP FI / TR 담당자 채용,서울 광진구,"SAP
· ABAP
· ERP
· SW"
SW/솔루션,도미노코리아,[도미노코리아] 코딩&마킹 SW 개발자,경기 성남시,"C#
· .NET
· MSSQL
· ASP.NET
· SW
· HW"
SW/솔루션,컨트롤웍스,[신입] SW 엔지니어 (전문연구요원 가능),서울 강남구,"C#
· C++
· Python
· SW
· C
· labview"
SW/솔루션,네비웍스,윈도우 응용 프로그래머(C++),경기 안양시,"C
· C++
· C#
· TCP/IP
· GUI
· Mfc"
SW/솔루션,네비웍스,Software Quality Assurance (신입 가능),경기 안양시,"SW
· GitLab"
SW/솔루션,네비웍스,Unreal 클라이언트 개발자 채용(신입/경력),경기 안양시,"Unreal Engine
· C++"
SW/솔루션,앤씨앤,ISP RTL 설계 엔지니어 모집,경기 성남시,"C
· MATLAB
· Verilog"
SW/솔루션,앤씨앤,SOC RTL 설계 엔지니어 모집,경기 성남시,Verilog
SW/솔루션,페이타랩,[패스오더] Windows 개발자 (병역특례/산업기능요원/보충역/전직),서울 강남구,"WPF
· C#
· Visual Studio
· C++
· .NET
· Git
· Slack
· Windows"
SW/솔루션,에너자이,[전문연구요원 가능] Runtime 소프트웨어 엔지니어 채용,서울 강남구,"C
· C++
· Python
· MachineLearning
· AI/인공지능"
SW/솔루션,블루닷,[신입] 코덱엔지니어(화질분석),서울 강남구,"C
· Python
· Linux"
SW/솔루션,인터엑스,[울산] C# .NET 개발자,울산 중구,".NET
· WPF
· ASP.NET
· SW
· C#
· MES"
SW/솔루션,비주얼리서치,응용프로그램 개발자,서울 영등포구,"C++
· Visual Studio
· OpenGL
· Jira
· Windows
· Git
· C"
SW/솔루션,인터엑스,[서울] C# .NET 개발자,서울 금천구,".NET
· WPF
· ASP.NET
· SW
· C#
· MES"
SW/솔루션,에너자이,(전문연구요원 가능) AI 컴파일러 엔지니어 채용,서울 강남구,"C
· C++
· Scala
· Haskell
· F#
· PyTorch
· TensorFlow
· DeepLearning"
SW/솔루션,쿤텍,보안 SW 개발자 신입 채용,경기 성남시,"python
· linux
· windows
· network
· sw"
SW/솔루션,쿤텍,암호보안 응용 프로그램 개발자 신입/경력 채용,경기 성남시,"C
· C++
· SW"
SW/솔루션,넥스트칩,ISP RTL 설계 부문 채용,경기 성남시,"Python
· C
· C++
· MATLAB"
SW/솔루션,디오넷,리눅스 기반 네트워크 개발자 모집,경기 고양시,"C
· Java
· Linux
· Network
· SW
· Embedded"
SW/솔루션,솔탑,응용 소프트웨어 개발자,대전 유성구,"SW
· C#
· Unity
· Git
· WPF"
SW/솔루션,메디트,응용프로그램 개발자,서울 영등포구,"C++
· OpenGL"
SW/솔루션,우리들에이치엠,"[우리들HM] 우리들병원 EMR, OCS 개발, 운영관리",서울 강남구,"Visual Basic
· Oracle
· MySQL
· VBA
· C#
· Java"
SW/솔루션,신룡,머신비전 SW 개발자,경기 화성시,"Mfc
· C++
· OpenCV
· SW
· Windows
· Visual Studio"
SW/솔루션,파이엇,SLAM & Navigation 개발자,서울 강남구,"C
· C++
· Python
· ROS
· Linux"
SW/솔루션,넥스트칩,ISP SW 개발/Embedded SW FAE 부문 채용,경기 성남시,"Git
· GitHub
· C
· C#
· C++
· SourceTree
· Linux
· Eclipse
· Argo
· Embedded"
SW/솔루션,쿤텍,안티리버싱 응용 프로그램 개발자 신입/경력 채용,경기 성남시,"C
· C++
· SW"
SW/솔루션,휴템,스마트팩토리 시스템 구축 및 개발자,서울 금천구,"C#
· MSSQL
· RDB
· MES"
SW/솔루션,쿤텍,C 언어 개발자 경력/신입,경기 성남시,"c
· c++
· sw
· linux
· windows
· network"
SW/솔루션,메디트,Desktop Application 개발자 (신입),서울 영등포구,"C++
· Qt
· Electron
· Amazon S3"
SW/솔루션,에너자이,[전문연구요원 가능] AI Camera 테스트 / 화질최적화 엔지니어,서울 강남구,"Python
· AI/인공지능
· C
· C++"
SW/솔루션,테크플렉스,Embedded ARM/Linux 응용SW 및 Firmware 개발 엔지니어,대전 유성구,"Python
· Linux
· Embedded
· C
· C++
· SW
· FW"
SW/솔루션,인터엑스,[울산] QA 엔지니어,울산 중구,"github
· sw
· qa"
SW/솔루션,라온로드,SW/솔루션 신입 및 경력,경기 성남시,"Linux
· Windows
· C++
· OpenCV
· FFMPEG"
SW/솔루션,블루닷,[신입] 코덱 SW 엔지니어,서울 강남구,"C
· C++"
SW/솔루션,블루이엔지,반도체 장비 Software Engineer (신입 및 경력) 채용,경기 안양시,"SW
· C
· C++
· Linux
· Qt
· Socket.IO
· Visual Studio Code
· Ubuntu"
SW/솔루션,아이엠파인,뉴미디어 컨텐츠 개발자,서울 마포구,"Unity
· C#
· Git
· Unreal Engine
· C++"
SW/솔루션,엠엑스티바이오텍,바이오 공정 장비/시스템 제어 연구원(신입/경력),서울 성동구,"C++
· C#
· Qt
· ethernet
· WPF
· Linux
· C
· Ubuntu"
SW/솔루션,가온미디어,[가온그룹] Android시스템개발(WiFi 담당) 채용,경기 성남시,"C
· Embedded
· SW
· Linux
· Android OS
· C++
· Java
· Embedded Linux"
SW/솔루션,프리시젼바이오,"임베디드 기반 앱, 펌웨어 개발자 (대전)",대전 유성구,"Linux
· Embedded
· SW
· C
· C++
· Ubuntu
· Git
· Java
· FW
· Qt"
SW/솔루션,큐렉소,의료로봇 의료영상처리,"서울 송파구, 경기 성남시","C++
· .NET
· OpenCV
· DICOM
· AR
· VR"
SW/솔루션,쎄크,영상처리(Vision) S/W 개발,경기 수원시,"C++
· C#
· OpenCV
· SW"
SW/솔루션,도움이티에스,주니어 개발자 [C#/WEB] 인재를 모십니다. [파견근무 없음],서울 금천구,"Backendless
· ASP.NET
· MSSQL
· Git
· ERP
· MES
· C#
· .NET"
SW/솔루션,웨이즈원,[웨이즈원] 내비게이션 지도 및 소프트웨어 개발,경기 의왕시,"C
· SW
· deeplearning"
SW/솔루션,덴티움,[SW] 3D뷰어 SW UI개발,경기 수원시,"c
· c++
· qt
· opencv
· c#
· wpf"
SW/솔루션,맥사이언스,"디스플레이(OLED) 검사 및 계측 장비 응용소프트웨어 개발(VB.NET, C#)",경기 수원시,"SW
· C
· C++
· Vb.net
· C#"
SW/솔루션,스타마타,SW개발 신입/경력 채용,경기 성남시,"SW
· Python
· C
· C++"
SW/솔루션,클레,데스크탑 앱 개발자,서울 성동구,"C#
· .NET
· Qt
· C++
· OpenGL
· Python
· SW
· Windows
· Linux
· macOS"
SW/솔루션,비즈니스온커뮤니케이션,[스마트빌] ABAP개발자 모집,서울 강남구,"ABAP
· MySQL
· SW"
SW/솔루션,루미르,[루미르] Embedded Software 개발,경기 용인시,"C++
· Embedded
· C
· Mfc
· Java
· Python
· C#"
SW/솔루션,펨트론,"기술연구소 개발자 채용_머신비전,알고리즘 영상처리개발",서울 금천구,"C#
· C++
· Mfc
· MachineLearning
· SW"
SW/솔루션,펨트론,기술연구소 개발자 채용_Window 응용개발,서울 금천구,".NET
· OpenGL
· MySQL
· MSSQL
· TCP/IP
· C
· C++
· C#
· Mfc"
SW/솔루션,쎄크,PC 제어(시스템제어팀),경기 수원시,"C++
· Mfc
· SW
· Embedded
· C"
SW/솔루션,스타마타,SW개발 신입/경력 채용 (시뮬레이션),경기 성남시,SW
SW/솔루션,대상정보기술,SAP PP / PM / QM 담당자 채용,서울 광진구,"SAP
· ABAP
· ERP
· SW"
SW/솔루션,키미디에스,Java 솔루션 개발자,서울 서초구,"Java
· Spring Boot"
SW/솔루션,피피솔,GNSS/GPS (위성항법) 솔루션 개발자,서울 금천구,"Python
· MATLAB
· GitHub
· Git
· Docker
· RDB
· C
· C++
· Slack"
SW/솔루션,펨트론,기술연구소 개발자 채용_자동화설비 PC모션제어,서울 금천구,"C#
· C++
· Mfc
· .NET
· WPF"
SW/솔루션,메이븐클라우드서비스,응용프로그램 개발자(신입/경력) 채용,서울 강남구,SW
SW/솔루션,인텔리안테크놀로지스,[인텔리안테크] Application S/W 개발,경기 성남시,"Embedded Linux
· C
· C++
· TCP/IP
· Shell
· HTML5
· JsonAPI
· SW
· REST API"
SW/솔루션,에스피케이인크,HPC(High Performance Computing) on Cloud Service Engineer,서울 용산구,"SW
· HW"
SW/솔루션,대상정보기술,SAP HR 담당자 채용,서울 광진구,"SAP
· ABAP
· SW
· ERP"
SW/솔루션,대상정보기술,SAP MM 담당자 채용,서울 광진구,"SAP
· ABAP
· ERP
· SW"
SW/솔루션,대상정보기술,SAP SRM 시스템 담당자 채용,서울 광진구,"SAP
· ABAP
· SW"
SW/솔루션,한국비즈넷,물류ERP 솔루션 개발자,서울 구로구,"Java
· Spring
· JSP
· jQuery
· Oracle
· MSSQL
· ERP
· SW"
SW/솔루션,엠코프,Lua C++ 응용프로그램 운용,서울 강동구,"C++
· Lua
· BigData
· C#"
SW/솔루션,기가레인,[기가레인] S/W 개발자 채용,"경기 성남시, 경기 화성시","C
· C++
· Linux
· SW"
SW/솔루션,인텍에프에이,SW 제어 및 모니터링 프로그램 개발,경기 용인시,"Java
· C
· C++
· Python
· SW"
SW/솔루션,아르고스다인,로봇 자율 이동 모듈 개발자,경기 용인시,"C#
· C++
· C
· Embedded Linux
· FW
· SW
· Embedded"
SW/솔루션,이엘피,연구소 응용 SW 개발 신입 모집,경기 화성시,"Visual Studio
· Mfc
· C#
· SW"
SW/솔루션,엔젤로보틱스,[엔젤로보틱스] 로봇 제어 엔지니어,서울 성동구,"C
· C++
· FW
· SW
· HW
· Embedded"
SW/솔루션,알피니언메디칼시스템,[일진그룹 계열사] SW개발팀 UE파트/AOP(Acoustic Output Power) Engineering 채용,서울 강서구,"MATLAB
· Python
· labview
· SW"
SW/솔루션,케이씨이아이,응용프로그램 개발자,서울 구로구,"C#
· C++
· Linux
· RDB"
SW/솔루션,칼만,로봇 개발자,경기 안양시,"C
· C++
· Python
· HTML5
· MCU
· MATLAB
· ROS
· Rust
· Embedded
· HW"
SW/솔루션,에이엠텔레콤,SW Application 개발,경기 성남시,"C
· C++
· Python
· Java
· Qt
· C#
· Visual C++
· Linux
· Android OS
· RTOS"
SW/솔루션,아이디알시스템,장비 운용 SW 개발자,대구 달서구,"C#
· C++
· C
· MySQL
· MSSQL
· SQL"
SW/솔루션,엔클로니,"[신규프로젝트팀] 선행 연구 개발 (SW), 비전 장비 개발",서울 구로구,"C++
· C#
· SW
· CUDA"
SW/솔루션,라온시스템즈,SW 개발자,경기 군포시,"C++
· C#
· Mfc
· DB
· WPF
· SW
· Network
· SQL"
SW/솔루션,스파이더크래프트,Windows Client 개발자,서울 강남구,"Windows
· Linux
· MSSQL
· C#
· WPF
· Notion
· C
· MySQL
· C++
· Git"
SW/솔루션,하이퍼정보,RPA(업무자동화) 스크립트 신입 개발자 모십니다.,서울 강남구,"RPA
· Java
· JavaScript
· C#"
SW/솔루션,네오티스,SW/임베디드 정규직 채용,경기 안성시,"C
· C++
· HW
· Embedded
· SW"
SW/솔루션,알피니언메디칼시스템,[일진그룹 계열사] SW개발팀 UE파트/초음파 진단 장비 알고리즘 개발 채용,서울 강서구,"Visual C++
· C
· C++
· MATLAB
· SW"
SW/솔루션,인터콘시스템스,임베디드 S/W 엔지니어 모집,경기 안양시,"MCU
· RTOS
· Embedded Linux
· C
· C++
· ARM
· SW"
SW/솔루션,폴라리스오피스,Doc엔지니어링,서울 구로구,"C++
· Docker
· C"
SW/솔루션,에이엠텔레콤,전장 SW 개발자,경기 성남시,"C
· C++
· Embedded Linux
· Linux"
SW/솔루션,에이엠텔레콤,SW System 개발,경기 성남시,"C
· C++
· Linux
· RTOS
· FW"
SW/솔루션,휴네이트,펌웨어 개발자,경기 안양시,"SW
· FW
· C"
SW/솔루션,앤씨앤,[카메라 개발] 영상 튜닝 개발자 모집,경기 성남시,SW
SW/솔루션,직스테크놀로지,솔루션개발팀 개발자 채용,서울 강남구,"c#
· c++
· Mfc
· C#
· .NET
· VBA"
SW/솔루션,하이보,라이다 연동 시스템 개발,서울 서초구,"C
· C++
· MATLAB
· ROS"
SW/솔루션,백금티앤에이,SW 개발자 (신입/경력),경기 군포시,"C
· C++
· Python
· AWS
· Embedded
· Linux
· SW
· iOS
· OpenCV
· FW"
SW/솔루션,앤씨앤,Automotive 반도체 Embedded SW FAE 모집,경기 성남시,"SW
· C
· C++
· ARM"
SW/솔루션,알세미,시뮬레이션 개발자(신입/주니어),서울 강남구,"C
· C++
· Python
· SPICE
· EDA"
SW/솔루션,컨트롤웍스,[신입/경력] 자율주행 SW 엔지니어,서울 강남구,"C++
· C
· Python
· SW
· DeepLearning"
SW/솔루션,비전세미콘,자동화 시스템 및 로봇제어 소프트웨어 개발,세종,"C++
· SW"
SW/솔루션,브이엔티지,[군산근무] SAP MDM 운영 및 개발 (신입&경력),전북 군산시,"ABAP
· ERP
· SAP"
SW/솔루션,은성글로벌,펌웨어 설계 연구원,강원 원주시,FW
웹퍼블리셔,앰플트리,[일산 마두역] 웹퍼블리셔,경기 고양시,"JavaScript
· HTML5
· CSS 3
· JSP
· Figma"
웹퍼블리셔,파인더스,웹 퍼블리셔 채용,서울 영등포구,"HTML5
· CSS 3
· SCSS
· JavaScript
· React"
웹퍼블리셔,엠투커뮤니티,(신입/경력) 웹퍼블리셔 채용(정규직),서울 성동구,"HTML5
· CSS 3
· SCSS
· JavaScript
· jQuery"
웹퍼블리셔,시큐어,WordPress(워드프레스) 기반 업무 담당자 채용,서울 서초구,"Java
· WordPress
· WooCommerce
· CSS 3
· JavaScript
· React
· HTML5"
VR/AR/3D,한국딥러닝,딥러닝 엔지니어(3D Reconstruction / Generation),서울 서초구,"Git
· PyTorch
· MachineLearning
· DeepLearning
· AI/인공지능
· Docker"
VR/AR/3D,미니레코드,[광주광역시] Unity 게임 클라이언트 개발자,광주 북구,"Unity
· C#"
VR/AR/3D,몽타미디어,unreal 엔진 기반 AR 개발자,서울 마포구,"Unreal Engine
· AR
· VR"
VR/AR/3D,트윔,[면접비 지급] 3D 머신비전 알고리즘 연구개발,경기 화성시,"C++
· AI/인공지능
· OpenCV
· MachineLearning"
블록체인,버들,언리얼엔진 클라이언트 개발자,서울 강남구,"C++
· Unreal Engine
· Blockchain"
블록체인,위메이드,"백엔드 개발(DeFi / Lending, Crypto Dollar, DEX)",경기 성남시,"Blockchain
· Go
· MySQL
· AZURE
· Git
· Slack
· Notion
· Jira
· TypeScript"
블록체인,위메이드,스마트 컨트랙트 개발(NILE 플랫폼),경기 성남시,"Solidity
· Blockchain
· Smartcontract"
블록체인,스탬퍼,블록체인 엔지니어(Blockchain Engineer) 정규직 모집,서울 강남구,"Linux
· AWS
· GCP
· blockchain"
기술지원,스피디,Cloud & 솔루션 엔지니어,서울 송파구,"Azure CDN
· Network
· Linux
· CloudFlare"
기술지원,이파피루스,솔루션 엔지니어(시스템 엔지니어/SE),경기 성남시,"Java
· Windows
· Linux
· Docker
· Python
· Network"
기술지원,이글루코퍼레이션,[전략사업부] 해외사업팀 해외기술지원 신입/경력 채용,서울 송파구,"Linux
· Windows"
기술지원,쿡앱스,"[쿡앱스] 기술지원팀 게임 클라이언트 프로그래머 ( 병역특례 - 전문연구요원, 석사 이상 학력)",경기 성남시,"Unity
· C#"
기술지원,클루닉스,[서울] 리눅스 시스템 엔지니어,서울 영등포구,"Linux
· CentOS
· SW
· Windows Server
· vmware
· XenServer
· Windows"
기술지원,에스넷아이씨티,[군산 새만금 개발공사] 시스템 엔지니어 경력직 모집,전북 군산시,"Cisco
· Network"
기술지원,에이플러스소프트,SW 엔지니어 모집,서울 영등포구,sw
기술지원,플랜트에셋,기술지원 채용공고,서울 금천구,Oracle
기술지원,이글루코퍼레이션,[기술지원센터] 대전지역 보안솔루션 기술지원 엔지니어 신입/경력,대전 유성구,"Linux
· RDB
· MariaDB"
기술지원,파워텍,"출입통제, CCTV 유지보수 인원 모집(서울, 경기, 인천)",서울 구로구,"Network
· TCP/IP"
기술지원,아토리서치,[ATTO] 서비스 개발자 모집,서울 서초구,"OpenStack
· Linux"
기술지원,쿤텍,보안 솔루션 구축 엔지니어(신입),경기 성남시,"Linux
· DB"
기술지원,모니터랩,클라우드플랫폼 보안 서비스 기술지원(신입/경력) 채용,서울 구로구,"Linux
· Network"
기술지원,아토리서치,[ATTO] 기술지원 엔지니어 모집,서울 서초구,"OpenStack
· Linux
· CentOS
· Docker
· Network"
기술지원,비앤케이원,리눅스 서버 구축 및 유지보수 엔지니어,서울 강남구,"Linux
· Windows"
기술지원,래브라도랩스,기술지원 엔지니어,서울 서초구,SW
기술지원,비즈니스온커뮤니케이션,[스마트빌] ABAP개발자 모집,서울 강남구,"ABAP
· MySQL
· SW"
기술지원,소프트보울,[신입/경력] 프론트(UI/UX) 솔루션 기술지원 및 솔루션 개발/개선,경기 과천시,"JavaScript
· TypeScript
· HTML5
· CSS 3
· React"
기술지원,넷킬러,[서울] Google Cloud / Work space / 솔루션 기술팀 채용,서울 중구,"GCP
· AWS
· Windows Server"
기술지원,에스알,[에스알] 개발관리 연구원,경기 의왕시,"Microsoft Excel
· Orcad
· Pads
· SMPS
· PCB
· FW
· HW"
기술지원,케이엠에스테크놀로지,정적분석 SW 기술지원,서울 강남구,"C
· C++
· Java
· Linux
· SW"
기술지원,케이엠에스테크놀로지,네트워크 프로토콜 분석 전문가,서울 강남구,"Network
· TCP/IP
· Linux
· ethernet"
기술지원,코어시스템즈,운송관리시스템 운영 신입 채용,경기 수원시,Java
기술지원,벨아이앤에스,[종근당 계열사] 천안공장 전산유지보수,충남 천안시,"ABAP
· .NET
· ERP"
기술지원,아마존웹서비시즈코리아,"Data Center Network Technician Trainee, Infrastructure Delivery",서울 강남구,"Network
· Microsoft Office 365
· TCP/IP"
기술지원,아고스비전,컴퓨터 비전 및 임베디드 시스템 프로그래머 모집,대전 유성구,"embedded
· linux"
기술지원,하이보,라이다 연동 시스템 개발,서울 서초구,"C
· C++
· MATLAB
· ROS"
기술지원,아이엠에스커넥트,"차량용 IoT 단말기 검증, 테스트 부문 (QA)",서울 광진구,"Embedded
· QA"
기술지원,디엔비소프트,[DNBSOFT]PLC/HMI 자동제어 기술자 모집,강원 원주시,PLC
기술지원,아마존웹서비시즈코리아,"Data Center Cable Install Technician, Infrastructure Delivery",서울 강남구,"Network
· Switch
· Router"
기술지원,아마존웹서비시즈코리아,Rack Decom Datatech,서울 강남구,"Linux
· Network"
기술지원,인사이트스토리,IoT/RFID 기술 엔지니어 신입직원 채용,서울 서초구,"Network
· Router"
