name,type
ASP.NET,프레임워크
C#,프로그래밍 언어
MSSQL,데이터베이스
REST API,인프라
SQL,프로그래밍 언어
AWS,인프라
TypeScript,프로그래밍 언어
Python,프로그래밍 언어
Git,데브옵스
gRPC,개발 도구
Rest.li,개발 도구
Docker,데브옵스
MySQL,데이터베이스
PostgreSQL,데이터베이스
Node.js,프레임워크
TypeScript,프로그래밍 언어
MySQL,데이터베이스
JavaScript,프로그래밍 언어
Linux,운영체제
jQuery,라이브러리
Python,프로그래밍 언어
Java,프로그래밍 언어
Jenkins,데브옵스
AWS,인프라
Redis,빅데이터
PostgreSQL,데이터베이스
MSA,인프라
Docker,데브옵스
NGINX,인프라
MariaDB,데이터베이스
Linux,운영체제
REST API,인프라
AWS CodeCommit,인프라
Git,데브옵스
MySQL,데이터베이스
AWS,인프라
PHP,프로그래밍 언어
TypeScript,프로그래밍 언어
MySQL,데이터베이스
AWS,인프라
GitHub Actions,데브옵스
Java,프로그래밍 언어
Node.js,프레임워크
mysql,데이터베이스
amazon dynamodb,데이터베이스
postgresql,데이터베이스
elasticsearch,인프라
aws,인프라
Node.js,프레임워크
MySQL,데이터베이스
Redis,빅데이터
MQTT,인프라
Python,프로그래밍 언어
AWS,인프라
Python,프로그래밍 언어
Java,프로그래밍 언어
Kotlin,프로그래밍 언어
Flask,프레임워크
Spring,프레임워크
Git,데브옵스
Jenkins,데브옵스
Docker,데브옵스
AWS,인프라
Go,프로그래밍 언어
Node.js,프레임워크
NoSql,데이터베이스
REST API,인프라
C,프로그래밍 언어
C++,프로그래밍 언어
Linux,운영체제
Windows,운영체제
Node.js,프레임워크
Java,프로그래밍 언어
JavaScript,프로그래밍 언어
TypeScript,프로그래밍 언어
Golang,프로그래밍 언어
Python,프로그래밍 언어
TypeScript,프로그래밍 언어
C,프로그래밍 언어
C++,프로그래밍 언어
AWS,인프라
MariaDB,데이터베이스
PostgreSQL,데이터베이스
NoSql,데이터베이스
Node.js,프레임워크
NestJS,프레임워크
TypeScript,프로그래밍 언어
Go,프로그래밍 언어
PostgreSQL,데이터베이스
TypeORM,프레임워크
Docker,데브옵스
AWS,인프라
Go,프로그래밍 언어
PostgreSQL,데이터베이스
Redis,빅데이터
MongoDB,데이터베이스
NoSql,데이터베이스
Golang,프로그래밍 언어
PHP,프로그래밍 언어
MySQL,데이터베이스
MongoDB,데이터베이스
Laravel,프레임워크
GitLab,데브옵스
JavaScript,프로그래밍 언어
jQuery,라이브러리
Node.js,프레임워크
Git,데브옵스
AWS,인프라
MySQL,데이터베이스
MariaDB,데이터베이스
HTML5,프로그래밍 언어
CSS 3,프로그래밍 언어
jQuery,라이브러리
Bootstrap,프레임워크
Spring Framework,프레임워크
PHP,프로그래밍 언어
CodeIgniter,프레임워크
Laravel,프레임워크
React.js Boilerplate,프레임워크
Vue.js,프레임워크
AngularJS,프레임워크
Java,프로그래밍 언어
Spring Boot,프레임워크
Spring Data JPA,프레임워크
MariaDB,데이터베이스
NestJS,프레임워크
MongoDB,데이터베이스
AWS,인프라
JavaScript,프로그래밍 언어
Node.js,프레임워크
Flask,프레임워크
Django,프레임워크
Apache HTTP Server,네트워크
MySQL,데이터베이스
Blockchain,개발 방법론 및 프로세스
Go,프로그래밍 언어
MySQL,데이터베이스
AZURE,인프라
Git,데브옵스
Slack,개발 도구
Notion,개발 도구
Jira,데브옵스
TypeScript,프로그래밍 언어
REST API,인프라
Go,프로그래밍 언어
Python,프로그래밍 언어
Java,프로그래밍 언어
Node.js,프레임워크
C++,프로그래밍 언어
Oracle,인프라
MSSQL,데이터베이스
MySQL,데이터베이스
Java,프로그래밍 언어
AI,인공지능 및 블록체인 관련 개념
인공지능,인공지능 및 블록체인 관련 개념
Blockchain,개발 방법론 및 프로세스
Solidity,인공지능 및 블록체인 관련 개념
Blockchain,개발 방법론 및 프로세스
Smartcontract,개발 방법론 및 프로세스
Linux,운영체제
AWS,인프라
GCP,인프라
blockchain,인공지능 및 블록체인 관련 개념
REST API,인프라
AWS,인프라
Node.js,프레임워크
Git,데브옵스
Ruby,프로그래밍 언어
MySQL,데이터베이스
AWS,인프라
Git,데브옵스
Linux,운영체제
C,프로그래밍 언어
C++,프로그래밍 언어
JavaScript,프로그래밍 언어
GitHub,데브옵스
Docker,데브옵스
AWS,인프라
MySQL,데이터베이스
Node.js,프레임워크
Amazon EC2,인프라
C,프로그래밍 언어
SW,프로그래밍 관련 기술 및 개념
deeplearning,인공지능 및 블록체인 관련 개념
AWS,인프라
GCP,인프라
Node.js,프레임워크
JavaScript,프로그래밍 언어
TypeScript,프로그래밍 언어
RDB,데이터베이스
NoSql,데이터베이스
WebSocket,라이브러리
Java,프로그래밍 언어
C,프로그래밍 언어
C++,프로그래밍 언어
Python,프로그래밍 언어
Flask,프레임워크
PHP,프로그래밍 언어
Laravel,프레임워크
RDB,데이터베이스
MySQL,데이터베이스
RabbitMQ,라이브러리
Elasticsearch,빅데이터
PHP,프로그래밍 언어
JavaScript,프로그래밍 언어
MySQL,데이터베이스
Python,프로그래밍 언어
Git,데브옵스
HTML5,프로그래밍 언어
jQuery,라이브러리
Spring Boot,프레임워크
MySQL,데이터베이스
REST API,인프라
RDB,데이터베이스
AWS,인프라
AZURE,인프라
Java,프로그래밍 언어
Spring,프레임워크
PHP,프로그래밍 언어
Python,프로그래밍 언어
MySQL,데이터베이스
JavaScript,프로그래밍 언어
Docker,데브옵스
C,프로그래밍 언어
C++,프로그래밍 언어
Linux,운영체제
Network,네트워크
Java,프로그래밍 언어
Spring Boot,프레임워크
Spring Data JPA,프레임워크
Spring,프레임워크
Spring MVC,프레임워크
AWS,인프라
REST API,인프라
Python,프로그래밍 언어
FastAPI,프레임워크
Django,프레임워크
MariaDB,데이터베이스
DeepLearning,인공지능 및 블록체인 관련 개념
Java,프로그래밍 언어
C,프로그래밍 언어
C++,프로그래밍 언어
Python,프로그래밍 언어
SW,프로그래밍 관련 기술 및 개념
MariaDB,데이터베이스
MySQL,데이터베이스
Oracle,인프라
Node.js,프레임워크
TypeScript,프로그래밍 언어
NestJS,프레임워크
HTML5,프로그래밍 언어
CSS 3,프로그래밍 언어
Python,프로그래밍 언어
Flask,프레임워크
Gunicorn,프레임워크
Django,프레임워크
AZURE,인프라
GCP,인프라
Spring Boot,프레임워크
Spring MVC,프레임워크
MySQL,데이터베이스
MSSQL,데이터베이스
SQL,프로그래밍 언어
Mybatis,데이터베이스
Java,프로그래밍 언어
C++,프로그래밍 언어
Linux,운영체제
C,프로그래밍 언어
Python,프로그래밍 언어
Yocto,운영체제
C++,프로그래밍 언어
C,프로그래밍 언어
Network,네트워크
TCP,네트워크
IP,네트워크
Linux,운영체제
Node.js,프레임워크
Vue.js,프레임워크
Webpack,개발 도구
Babel,개발 도구
Slack,개발 도구
Git,데브옵스
Visual Studio Code,개발 도구
HTML5,프로그래밍 언어
TypeScript,프로그래밍 언어
Next.js,프레임워크
React,라이브러리
Vercel,인프라
React Native,프레임워크
CodePush,데브옵스
fastlane,개발 도구
HTML5,프로그래밍 언어
CSS 3,프로그래밍 언어
JavaScript,프로그래밍 언어
ES6,프로그래밍 언어
Vue.js,프레임워크
React,라이브러리
Angular 2,프레임워크
TypeScript,프로그래밍 언어
React,라이브러리
JSX,프레임워크
Sass,프로그래밍 언어
GitHub Actions,데브옵스
JavaScript,프로그래밍 언어
HTML5,프로그래밍 언어
React,라이브러리
REST API,인프라
SQL,프로그래밍 언어
GraphQL,인프라
Java,프로그래밍 언어
CSS 3,프로그래밍 언어
React,라이브러리
jQuery,라이브러리
Vue.js,프레임워크
Swift,프로그래밍 언어
Kotlin,프로그래밍 언어
JavaScript,프로그래밍 언어
Jenkins,데브옵스
Docker,데브옵스
AWS,인프라
AngularJS,프레임워크
NGINX,인프라
Sass,프로그래밍 언어
Zeplin,개발 도구
React,라이브러리
React,라이브러리
React.js Boilerplate,프레임워크
Redux,라이브러리
JavaScript,프로그래밍 언어
HTML5,프로그래밍 언어
CSS 3,프로그래밍 언어
React Native,프레임워크
JavaScript,프로그래밍 언어
CSS 3,프로그래밍 언어
HTML5,프로그래밍 언어
MySQL,데이터베이스
Vue.js,프레임워크
Flutter,프레임워크
Dart,프로그래밍 언어
Node.js,프레임워크
REST API,인프라
Docker,데브옵스
Git,데브옵스
android os,운영체제
ios,운영체제
React,라이브러리
React Native,프레임워크
HTML5,프로그래밍 언어
CSS 3,프로그래밍 언어
SCSS,프로그래밍 언어
Redux,라이브러리
redux-saga,네트워크
JavaScript,프로그래밍 언어
HTML5,프로그래밍 언어
Flutter,프레임워크
C#,프로그래밍 언어
Python,프로그래밍 언어
Git,데브옵스
AWS,인프라
Firebase,인프라
JavaScript,프로그래밍 언어
TypeScript,프로그래밍 언어
HTML5,프로그래밍 언어
CSS 3,프로그래밍 언어
React,라이브러리
React,라이브러리
React Native,프레임워크
TypeScript,프로그래밍 언어
JavaScript,프로그래밍 언어
Node.js,프레임워크
Recoil,라이브러리
React Query,라이브러리
PHP,프로그래밍 언어
HTML5,프로그래밍 언어
CSS 3,프로그래밍 언어
JavaScript,프로그래밍 언어
MySQL,데이터베이스
Node.js,프레임워크
Android OS,운영체제
iOS,운영체제
MariaDB,데이터베이스
MySQL,데이터베이스
Oracle,인프라
Node.js,프레임워크
TypeScript,프로그래밍 언어
NestJS,프레임워크
HTML5,프로그래밍 언어
CSS 3,프로그래밍 언어
ASP.NET,프레임워크
C#,프로그래밍 언어
MSSQL,데이터베이스
REST API,인프라
SQL,프로그래밍 언어
AWS,인프라
Node.js,프레임워크
REST API,인프라
AWS,인프라
Git,데브옵스
aws,인프라
rest api,네트워크
python,프로그래밍 언어
javascript,프로그래밍 언어
React,라이브러리
TypeScript,프로그래밍 언어
JSX,프레임워크
Sass,프로그래밍 언어
GitHub Actions,데브옵스
Node.js,프레임워크
MySQL,데이터베이스
AWS,인프라
ASP.NET,프레임워크
JavaScript,프로그래밍 언어
jQuery,라이브러리
CSS 3,프로그래밍 언어
HTML5,프로그래밍 언어
Microsoft SQL Server,인프라
AZURE,인프라
Java,프로그래밍 언어
JavaScript,프로그래밍 언어
jQuery,라이브러리
Spring,프레임워크
Python,프로그래밍 언어
Django,프레임워크
React,라이브러리
HTML5,프로그래밍 언어
MySQL,데이터베이스
JSP,프로그래밍 언어
Java,프로그래밍 언어
JavaScript,프로그래밍 언어
React,라이브러리
Spring Boot,프레임워크
TypeScript,프로그래밍 언어
ExpressJS,프레임워크
PHP,프로그래밍 언어
Linux,운영체제
PostgreSQL,데이터베이스
NGINX,인프라
HTML5,프로그래밍 언어
JavaScript,프로그래밍 언어
CSS 3,프로그래밍 언어
Python,프로그래밍 언어
PHP,프로그래밍 언어
Java,프로그래밍 언어
MySQL,데이터베이스
JavaScript,프로그래밍 언어
Apache Tomcat,빅데이터
Linux,운영체제
Java,프로그래밍 언어
Spring,프레임워크
MySQL,데이터베이스
Elasticsearch,빅데이터
Java,프로그래밍 언어
JSP,프로그래밍 언어
jQuery,라이브러리
Oracle,인프라
React,라이브러리
php,프로그래밍 언어
html5,프로그래밍 언어
css 3,프로그래밍 언어
mysql,데이터베이스
jquery,라이브러리
.NET,프레임워크
C#,프로그래밍 언어
CSS 3,프로그래밍 언어
HTML5,프로그래밍 언어
iOS,운영체제
Java,프로그래밍 언어
JSP,프로그래밍 언어
MSSQL,데이터베이스
MySQL,데이터베이스
Python,프로그래밍 언어
PHP,프로그래밍 언어
JavaScript,프로그래밍 언어
REST API,인프라
React,라이브러리
SW,프로그래밍 관련 기술 및 개념
Linux,운영체제
C#,프로그래밍 언어
Flutter,프레임워크
React,라이브러리
React Native,프레임워크
Python,프로그래밍 언어
Django,프레임워크
Oracle,인프라
Git,데브옵스
C++,프로그래밍 언어
MES,개발 방법론 및 프로세스
C,프로그래밍 언어
C++,프로그래밍 언어
Python,프로그래밍 언어
Go,프로그래밍 언어
Java,프로그래밍 언어
JavaScript,프로그래밍 언어
Linux,운영체제
Network,네트워크
JavaScript,프로그래밍 언어
jQuery,라이브러리
MySQL,데이터베이스
Git,데브옵스
HTML5,프로그래밍 언어
PHP,프로그래밍 언어
Java,프로그래밍 언어
JavaScript,프로그래밍 언어
jQuery,라이브러리
Node.js,프레임워크
RDB,데이터베이스
Linux,운영체제
AWS,인프라
Java,프로그래밍 언어
Spring,프레임워크
JavaScript,프로그래밍 언어
JSP,프로그래밍 언어
Spring Framework,프레임워크
jQuery,라이브러리
PHP,프로그래밍 언어
React,라이브러리
REST API,인프라
Kotlin,프로그래밍 언어
REST API,인프라
Git,데브옵스
Android OS,운영체제
Slack,개발 도구
Java,프로그래밍 언어
Kotlin,프로그래밍 언어
Git,데브옵스
Android OS,운영체제
Java,프로그래밍 언어
Kotlin,프로그래밍 언어
Android Studio,개발 도구
Git,데브옵스
Slack,개발 도구
REST API,인프라
notion.so,개발 도구
Socket.IO,네트워크
Java,프로그래밍 언어
Kotlin,프로그래밍 언어
REST API,인프라
Android Studio,개발 도구
javascript,프로그래밍 언어
C++,프로그래밍 언어
C,프로그래밍 언어
Python,프로그래밍 언어
Android OS,운영체제
Android Studio,개발 도구
Kotlin,프로그래밍 언어
OkHttp,라이브러리
AI,인공지능 및 블록체인 관련 개념
인공지능,인공지능 및 블록체인 관련 개념
Android OS,운영체제
GitHub,데브옵스
Java,프로그래밍 언어
Kotlin,프로그래밍 언어
Java,프로그래밍 언어
C,프로그래밍 언어
C++,프로그래밍 언어
Android OS,운영체제
Android SDK,프레임워크
SW,프로그래밍 관련 기술 및 개념
Android OS,운영체제
HTML5,프로그래밍 언어
C,프로그래밍 언어
Embedded,하드웨어
SW,프로그래밍 관련 기술 및 개념
Linux,운영체제
Android OS,운영체제
C++,프로그래밍 언어
Java,프로그래밍 언어
Embedded Linux,운영체제
Java,프로그래밍 언어
Kotlin,프로그래밍 언어
Android OS,운영체제
C++,프로그래밍 언어
Android SDK,프레임워크
Java,프로그래밍 언어
Kotlin,프로그래밍 언어
Android OS,운영체제
Android OS,운영체제
Kotlin,프로그래밍 언어
Java,프로그래밍 언어
C,프로그래밍 언어
C++,프로그래밍 언어
Python,프로그래밍 언어
Java,프로그래밍 언어
Qt,프레임워크
C#,프로그래밍 언어
Visual C++,프로그래밍 언어
Linux,운영체제
Android OS,운영체제
RTOS,운영체제
C,프로그래밍 언어
C++,프로그래밍 언어
Linux,운영체제
RTOS,운영체제
FW,하드웨어
Swift,프로그래밍 언어
iOS,운영체제
SwiftUI,프레임워크
Swift,프로그래밍 언어
SwiftUI,프레임워크
iOS,운영체제
rxswift,라이브러리
iOS,운영체제
Swift,프로그래밍 언어
Objective-C,프로그래밍 언어
Git,데브옵스
Xcode,라이브러리
Zeplin,개발 도구
iOS,운영체제
Swift,프로그래밍 언어
Objective-C,프로그래밍 언어
Git,데브옵스
Xcode,라이브러리
Zeplin,개발 도구
iOS,운영체제
Swift,프로그래밍 언어
Socket.IO,네트워크
Firebase,인프라
Git,데브옵스
Flutter,프레임워크
Docker,데브옵스
iOS,운영체제
Android OS,운영체제
Slack,개발 도구
SQLite,데이터베이스
Network,네트워크
JSON,네트워크
Firebase,인프라
Crashlytics,테스트 도구
React.js Boilerplate,프레임워크
REST API,인프라
Git,데브옵스
React Native,프레임워크
Flutter,프레임워크
Dart,프로그래밍 언어
Node.js,프레임워크
REST API,인프라
Docker,데브옵스
Git,데브옵스
android os,운영체제
ios,운영체제
React.js Boilerplate,프레임워크
React Native,프레임워크
JavaScript,프로그래밍 언어
ES6,프로그래밍 언어
TypeScript,프로그래밍 언어
React,라이브러리
Git,데브옵스
Flutter,프레임워크
C#,프로그래밍 언어
Python,프로그래밍 언어
Git,데브옵스
AWS,인프라
Firebase,인프라
React Native,프레임워크
TypeScript,프로그래밍 언어
Android OS,운영체제
iOS,운영체제
JavaScript,프로그래밍 언어
Redux,라이브러리
Git,데브옵스
C++,프로그래밍 언어
Unity,개발 도구
Unreal Engine,개발 도구
Swift,프로그래밍 언어
Objective-C,프로그래밍 언어
Kotlin,프로그래밍 언어
Java,프로그래밍 언어
JavaScript,프로그래밍 언어
Unity,개발 도구
C#,프로그래밍 언어
Unity,개발 도구
C#,프로그래밍 언어
C++,프로그래밍 언어
Unreal Engine,개발 도구
Blockchain,개발 방법론 및 프로세스
Unreal Engine,개발 도구
C++,프로그래밍 언어
Unity,개발 도구
C#,프로그래밍 언어
QA,테스트 도구
Node.js,프레임워크
MySQL,데이터베이스
MongoDB,데이터베이스
Linux,운영체제
C#,프로그래밍 언어
C++,프로그래밍 언어
Redis,빅데이터
GitHub,데브옵스
Jenkins,데브옵스
C++,프로그래밍 언어
Node.js,프레임워크
MySQL,데이터베이스
Docker,데브옵스
C,프로그래밍 언어
C#,프로그래밍 언어
JavaScript,프로그래밍 언어
Python,프로그래밍 언어
C,프로그래밍 언어
C++,프로그래밍 언어
Network,네트워크
Redis,빅데이터
MySQL,데이터베이스
MariaDB,데이터베이스
SQL,프로그래밍 언어
NoSql,데이터베이스
MSSQL,데이터베이스
AWS,인프라
DB,데이터베이스
Oracle,인프라
Shell,프로그래밍 언어
Java,프로그래밍 언어
C,프로그래밍 언어
C++,프로그래밍 언어
Python,프로그래밍 언어
SQL,프로그래밍 언어
R,프로그래밍 언어
Python,프로그래밍 언어
Tableau,개발 도구
Redash,데이터베이스
Notion,개발 도구
Slack,개발 도구
SQL,프로그래밍 언어
R,프로그래밍 언어
Python,프로그래밍 언어
Tableau,개발 도구
Redash,데이터베이스
GitHub Actions,데브옵스
DeepLearning,인공지능 및 블록체인 관련 개념
MachineLearning,인공지능 및 블록체인 관련 개념
Python,프로그래밍 언어
JavaScript,프로그래밍 언어
C++,프로그래밍 언어
Java,프로그래밍 언어
MachineLearning,인공지능 및 블록체인 관련 개념
Spark,빅데이터
Python,프로그래밍 언어
AWS,인프라
AZURE,인프라
Tableau,개발 도구
TensorFlow,라이브러리
PyTorch,라이브러리
Docker,데브옵스
Python,프로그래밍 언어
DeepLearning,인공지능 및 블록체인 관련 개념
AI,인공지능 및 블록체인 관련 개념
인공지능,인공지능 및 블록체인 관련 개념
BigData,빅데이터
Python,프로그래밍 언어
AI,인공지능 및 블록체인 관련 개념
인공지능,인공지능 및 블록체인 관련 개념
BigData,빅데이터
Python,프로그래밍 언어
MachineLearning,인공지능 및 블록체인 관련 개념
DeepLearning,인공지능 및 블록체인 관련 개념
AI,인공지능 및 블록체인 관련 개념
인공지능,인공지능 및 블록체인 관련 개념
BigData,빅데이터
Python,프로그래밍 언어
TensorFlow,라이브러리
PyTorch,라이브러리
AI,인공지능 및 블록체인 관련 개념
인공지능,인공지능 및 블록체인 관련 개념
DeepLearning,인공지능 및 블록체인 관련 개념
MachineLearning,인공지능 및 블록체인 관련 개념
SQL,프로그래밍 언어
Python,프로그래밍 언어
R,프로그래밍 언어
PyTorch,라이브러리
TensorFlow,라이브러리
RDB,데이터베이스
NoSql,데이터베이스
Git,데브옵스
Docker,데브옵스
AI,인공지능 및 블록체인 관련 개념
인공지능,인공지능 및 블록체인 관련 개념
DeepLearning,인공지능 및 블록체인 관련 개념
Python,프로그래밍 언어
R,프로그래밍 언어
MATLAB,인공지능 및 블록체인 관련 개념
MachineLearning,인공지능 및 블록체인 관련 개념
DeepLearning,인공지능 및 블록체인 관련 개념
AI,인공지능 및 블록체인 관련 개념
인공지능,인공지능 및 블록체인 관련 개념
Python,프로그래밍 언어
RDB,데이터베이스
DB,데이터베이스
Neo4j,데이터베이스
Python,프로그래밍 언어
Flask,프레임워크
Gunicorn,프레임워크
Django,프레임워크
AZURE,인프라
GCP,인프라
Python,프로그래밍 언어
PyTorch,라이브러리
TensorFlow,라이브러리
DeepLearning,인공지능 및 블록체인 관련 개념
C,프로그래밍 언어
C++,프로그래밍 언어
TensorFlow,라이브러리
PyTorch,라이브러리
Python,프로그래밍 언어
C++,프로그래밍 언어
C++ Builder,개발 도구
Embedded,하드웨어
Git,데브옵스
Jira,데브옵스
Python,프로그래밍 언어
Docker,데브옵스
PyTorch,라이브러리
TensorFlow,라이브러리
OpenCV,라이브러리
AI,인공지능 및 블록체인 관련 개념
인공지능,인공지능 및 블록체인 관련 개념
DeepLearning,인공지능 및 블록체인 관련 개념
MachineLearning,인공지능 및 블록체인 관련 개념
AWS,인프라
ai,인공지능 및 블록체인 관련 개념
인공지능,인공지능 및 블록체인 관련 개념
machinelearning,인공지능 및 블록체인 관련 개념
c#,프로그래밍 언어
.net,프로그래밍 언어
Linux,운영체제
Python,프로그래밍 언어
TensorFlow,라이브러리
Keras,라이브러리
Python,프로그래밍 언어
Docker,데브옵스
PyTorch,라이브러리
TensorFlow,라이브러리
OpenCV,라이브러리
DeepLearning,인공지능 및 블록체인 관련 개념
Python,프로그래밍 언어
C++,프로그래밍 언어
Linux,운영체제
DeepLearning,인공지능 및 블록체인 관련 개념
c,프로그래밍 언어
machinelearning,인공지능 및 블록체인 관련 개념
ai,인공지능 및 블록체인 관련 개념
인공지능,인공지능 및 블록체인 관련 개념
linux,운영체제
python,프로그래밍 언어
pytorch,라이브러리
C,프로그래밍 언어
C++,프로그래밍 언어
GitHub Actions,데브옵스
DeepLearning,인공지능 및 블록체인 관련 개념
MachineLearning,인공지능 및 블록체인 관련 개념
Git,데브옵스
PyTorch,라이브러리
MachineLearning,인공지능 및 블록체인 관련 개념
DeepLearning,인공지능 및 블록체인 관련 개념
AI,인공지능 및 블록체인 관련 개념
인공지능,인공지능 및 블록체인 관련 개념
Docker,데브옵스
Swift,프로그래밍 언어
Python,프로그래밍 언어
DeepLearning,인공지능 및 블록체인 관련 개념
Python,프로그래밍 언어
TensorFlow,라이브러리
Linux,운영체제
AI,인공지능 및 블록체인 관련 개념
인공지능,인공지능 및 블록체인 관련 개념
AI,인공지능 및 블록체인 관련 개념
인공지능,인공지능 및 블록체인 관련 개념
Python,프로그래밍 언어
TensorFlow,라이브러리
PyTorch,라이브러리
OpenAPI,네트워크
REST API,인프라
JSON,네트워크
C,프로그래밍 언어
C++,프로그래밍 언어
ROS,인공지능 및 블록체인 관련 개념
Linux,운영체제
Embedded,하드웨어
Python,프로그래밍 언어
AI,인공지능 및 블록체인 관련 개념
인공지능,인공지능 및 블록체인 관련 개념
Google AI Platform,인공지능 및 블록체인 관련 개념
DeepLearning,인공지능 및 블록체인 관련 개념
MachineLearning,인공지능 및 블록체인 관련 개념
C,프로그래밍 언어
C++,프로그래밍 언어
MATLAB,인공지능 및 블록체인 관련 개념
PyTorch,라이브러리
TensorFlow,라이브러리
ROS,인공지능 및 블록체인 관련 개념
DeepLearning,인공지능 및 블록체인 관련 개념
Python,프로그래밍 언어
Python,프로그래밍 언어
TensorFlow,라이브러리
PyTorch,라이브러리
Rest.li,개발 도구
JSON,네트워크
NLP,인공지능 및 블록체인 관련 개념
DeepLearning,인공지능 및 블록체인 관련 개념
Python,프로그래밍 언어
TensorFlow,라이브러리
PyTorch,라이브러리
MachineLearning,인공지능 및 블록체인 관련 개념
Python,프로그래밍 언어
PyTorch,라이브러리
Flask,프레임워크
Java,프로그래밍 언어
AI,인공지능 및 블록체인 관련 개념
인공지능,인공지능 및 블록체인 관련 개념
NLP,인공지능 및 블록체인 관련 개념
Python,프로그래밍 언어
C++,프로그래밍 언어
TensorFlow,라이브러리
Keras,라이브러리
PyTorch,라이브러리
MachineLearning,인공지능 및 블록체인 관련 개념
Python,프로그래밍 언어
Ubuntu,운영체제
PyTorch,라이브러리
Keras,라이브러리
scikit-learn,라이브러리
GitHub,데브옵스
keras,라이브러리
tensorflow,라이브러리
pytorch,라이브러리
kafka,빅데이터
redis,데이터베이스
ai,인공지능 및 블록체인 관련 개념
인공지능,인공지능 및 블록체인 관련 개념
TensorFlow,라이브러리
PyTorch,라이브러리
Docker,데브옵스
Python,프로그래밍 언어
DeepLearning,인공지능 및 블록체인 관련 개념
AI,인공지능 및 블록체인 관련 개념
인공지능,인공지능 및 블록체인 관련 개념
BigData,빅데이터
C++,프로그래밍 언어
Python,프로그래밍 언어
OpenCV,라이브러리
Mfc,라이브러리
MariaDB,데이터베이스
TensorFlow,라이브러리
PyTorch,라이브러리
deeplearning,인공지능 및 블록체인 관련 개념
ai,인공지능 및 블록체인 관련 개념
인공지능,인공지능 및 블록체인 관련 개념
network,네트워크
pytorch,라이브러리
tensorflow,라이브러리
ai,인공지능 및 블록체인 관련 개념
인공지능,인공지능 및 블록체인 관련 개념
python,프로그래밍 언어
tensorflow,라이브러리
keras,라이브러리
pytorch,라이브러리
machinelearning,인공지능 및 블록체인 관련 개념
opencv,라이브러리
C,프로그래밍 언어
C++,프로그래밍 언어
Python,프로그래밍 언어
MachineLearning,인공지능 및 블록체인 관련 개념
AI,인공지능 및 블록체인 관련 개념
인공지능,인공지능 및 블록체인 관련 개념
AWS,인프라
Python,프로그래밍 언어
Go,프로그래밍 언어
JavaScript,프로그래밍 언어
MachineLearning,인공지능 및 블록체인 관련 개념
AI,인공지능 및 블록체인 관련 개념
인공지능,인공지능 및 블록체인 관련 개념
Python,프로그래밍 언어
AI,인공지능 및 블록체인 관련 개념
인공지능,인공지능 및 블록체인 관련 개념
BigData,빅데이터
TensorFlow,라이브러리
Python,프로그래밍 언어
C++,프로그래밍 언어
MATLAB,인공지능 및 블록체인 관련 개념
AI,인공지능 및 블록체인 관련 개념
인공지능,인공지능 및 블록체인 관련 개념
Python,프로그래밍 언어
PyTorch,라이브러리
TensorFlow,라이브러리
Keras,라이브러리
AI,인공지능 및 블록체인 관련 개념
인공지능,인공지능 및 블록체인 관련 개념
MachineLearning,인공지능 및 블록체인 관련 개념
C,프로그래밍 언어
C++,프로그래밍 언어
Scala,프로그래밍 언어
Haskell,프로그래밍 언어
F#,프로그래밍 언어
PyTorch,라이브러리
TensorFlow,라이브러리
DeepLearning,인공지능 및 블록체인 관련 개념
Python,프로그래밍 언어
MachineLearning,인공지능 및 블록체인 관련 개념
DeepLearning,인공지능 및 블록체인 관련 개념
AI,인공지능 및 블록체인 관련 개념
인공지능,인공지능 및 블록체인 관련 개념
BigData,빅데이터
Python,프로그래밍 언어
TensorFlow,라이브러리
PyTorch,라이브러리
AI,인공지능 및 블록체인 관련 개념
인공지능,인공지능 및 블록체인 관련 개념
DeepLearning,인공지능 및 블록체인 관련 개념
MachineLearning,인공지능 및 블록체인 관련 개념
Python,프로그래밍 언어
Linux,운영체제
TensorFlow,라이브러리
PyTorch,라이브러리
AI,인공지능 및 블록체인 관련 개념
인공지능,인공지능 및 블록체인 관련 개념
Python,프로그래밍 언어
PyTorch,라이브러리
DeepLearning,인공지능 및 블록체인 관련 개념
NLP,인공지능 및 블록체인 관련 개념
MachineLearning,인공지능 및 블록체인 관련 개념
Python,프로그래밍 언어
DeepLearning,인공지능 및 블록체인 관련 개념
TensorFlow,라이브러리
PyTorch,라이브러리
AI,인공지능 및 블록체인 관련 개념
인공지능,인공지능 및 블록체인 관련 개념
Python,프로그래밍 언어
C++,프로그래밍 언어
Pandas,라이브러리
PyTorch,라이브러리
TensorFlow,라이브러리
OpenCV,라이브러리
DeepLearning,인공지능 및 블록체인 관련 개념
C,프로그래밍 언어
C++,프로그래밍 언어
AI,인공지능 및 블록체인 관련 개념
인공지능,인공지능 및 블록체인 관련 개념
Python,프로그래밍 언어
TensorFlow,라이브러리
Linux,운영체제
Docker,데브옵스
Git,데브옵스
MachineLearning,인공지능 및 블록체인 관련 개념
Python,프로그래밍 언어
Jira,데브옵스
R,프로그래밍 언어
SQL,프로그래밍 언어
AI,인공지능 및 블록체인 관련 개념
인공지능,인공지능 및 블록체인 관련 개념
Git,데브옵스
C++,프로그래밍 언어
AWS App Mesh,인프라
3D Volume Rendering,개발 방법론 및 프로세스
OpenGL,라이브러리
AI,인공지능 및 블록체인 관련 개념
인공지능,인공지능 및 블록체인 관련 개념
OpenCV,라이브러리
Python,프로그래밍 언어
DeepLearning,인공지능 및 블록체인 관련 개념
SW,프로그래밍 관련 기술 및 개념
MachineLearning,인공지능 및 블록체인 관련 개념
PyTorch,라이브러리
PyTorch,라이브러리
TensorFlow,라이브러리
RDB,데이터베이스
NoSql,데이터베이스
Git,데브옵스
Docker,데브옵스
AI,인공지능 및 블록체인 관련 개념
인공지능,인공지능 및 블록체인 관련 개념
DeepLearning,인공지능 및 블록체인 관련 개념
Python,프로그래밍 언어
TensorFlow,라이브러리
AI,인공지능 및 블록체인 관련 개념
인공지능,인공지능 및 블록체인 관련 개념
Python,프로그래밍 언어
R,프로그래밍 언어
MATLAB,인공지능 및 블록체인 관련 개념
MachineLearning,인공지능 및 블록체인 관련 개념
DeepLearning,인공지능 및 블록체인 관련 개념
AI,인공지능 및 블록체인 관련 개념
인공지능,인공지능 및 블록체인 관련 개념
Python,프로그래밍 언어
C,프로그래밍 언어
C++,프로그래밍 언어
OpenCV,라이브러리
Embedded,하드웨어
Docker,데브옵스
TensorFlow,라이브러리
PyTorch,라이브러리
Visual C++,프로그래밍 언어
C,프로그래밍 언어
C++,프로그래밍 언어
MATLAB,인공지능 및 블록체인 관련 개념
SW,프로그래밍 관련 기술 및 개념
C++,프로그래밍 언어
Docker,데브옵스
C,프로그래밍 언어
C++,프로그래밍 언어
C,프로그래밍 언어
Python,프로그래밍 언어
SW,프로그래밍 관련 기술 및 개념
DeepLearning,인공지능 및 블록체인 관련 개념
C++,프로그래밍 언어
AI,인공지능 및 블록체인 관련 개념
인공지능,인공지능 및 블록체인 관련 개념
OpenCV,라이브러리
MachineLearning,인공지능 및 블록체인 관련 개념
AWS Shell,인프라
Python,프로그래밍 언어
Java,프로그래밍 언어
Go,프로그래밍 언어
PHP,프로그래밍 언어
Node.js,프레임워크
Ruby,프로그래밍 언어
.NET,프레임워크
Rust,프로그래밍 언어
Linux,운영체제
AWS,인프라
Jenkins,데브옵스
Docker,데브옵스
MSA,인프라
python,프로그래밍 언어
Linux,운영체제
Python,프로그래밍 언어
C,프로그래밍 언어
C++,프로그래밍 언어
Golang,프로그래밍 언어
ELK,빅데이터
Splunk,빅데이터
Windows,운영체제
Linux,운영체제
macOS,운영체제
Network,네트워크
Linux,운영체제
Docker,데브옵스
Node.js,프레임워크
Git,데브옵스
Jenkins,데브옵스
AWS,인프라
Kubernetes,인프라
Ansible,데브옵스
Linux,운영체제
Windows,운영체제
MySQL,데이터베이스
MSSQL,데이터베이스
Python,프로그래밍 언어
Apache Tomcat,빅데이터
NGINX,인프라
Linux,운영체제
CentOS,운영체제
SW,프로그래밍 관련 기술 및 개념
Windows Server,운영체제
vmware,인프라
XenServer,인프라
Windows,운영체제
Linux,운영체제
NGINX,인프라
Apache Tomcat,빅데이터
Docker,데브옵스
Kubernetes,인프라
Ansible,데브옵스
Oracle,인프라
AWS,인프라
VPN,네트워크
Utm,네트워크
Firewall,네트워크
Linux,운영체제
C,프로그래밍 언어
C++,프로그래밍 언어
Python,프로그래밍 언어
Go,프로그래밍 언어
Linux,운영체제
AWS,인프라
AZURE,인프라
GCP,인프라
TCP,네트워크
IP,네트워크
Docker,데브옵스
Jira,데브옵스
Confluence,데브옵스
Bitbucket,데브옵스
Linux,운영체제
Git,데브옵스
Apache Tomcat,빅데이터
Python,프로그래밍 언어
MATLAB,인공지능 및 블록체인 관련 개념
MCU,하드웨어
Pads,개발 방법론 및 프로세스
Visual Basic,프로그래밍 언어
MSSQL,데이터베이스
Visual Studio,개발 도구
ERP,개발 방법론 및 프로세스
Java,프로그래밍 언어
Spring Framework,프레임워크
C,프로그래밍 언어
Python,프로그래밍 언어
Linux,운영체제
Linux,운영체제
Network,네트워크
OpenStack,인프라
Linux,운영체제
CentOS,운영체제
Docker,데브옵스
Network,네트워크
c,프로그래밍 언어
c++,프로그래밍 언어
sw,프로그래밍 관련 기술 및 개념
linux,운영체제
windows,운영체제
network,네트워크
Network,네트워크
Switch,네트워크
Python,프로그래밍 언어
Shell,프로그래밍 언어
JavaScript,프로그래밍 언어
GCP,인프라
AWS,인프라
Windows Server,운영체제
Network,네트워크
TCP,네트워크
IP,네트워크
Linux,운영체제
ethernet,네트워크
Network,네트워크
Microsoft Office 365,개발 도구
TCP,네트워크
IP,네트워크
embedded,하드웨어
linux,운영체제
Java,프로그래밍 언어
C,프로그래밍 언어
C++,프로그래밍 언어
Python,프로그래밍 언어
SW,프로그래밍 관련 기술 및 개념
Network,네트워크
AWS,인프라
Sentry,테스트 도구
Grafana,테스트 도구
Kubernetes,인프라
AWS,인프라
Linux,운영체제
Docker,데브옵스
Terraform,데브옵스
Linux,운영체제
Python,프로그래밍 언어
C++,프로그래밍 언어
C,프로그래밍 언어
Embedded,하드웨어
Git,데브옵스
Network,네트워크
C++,프로그래밍 언어
Linux,운영체제
C,프로그래밍 언어
Python,프로그래밍 언어
Yocto,운영체제
PLC,하드웨어
Network,네트워크
Switch,네트워크
Router,네트워크
CISA,보안 및 인증
CISSP,보안 및 인증
Python,프로그래밍 언어
C,프로그래밍 언어
C++,프로그래밍 언어
Golang,프로그래밍 언어
ELK,빅데이터
Splunk,빅데이터
Windows,운영체제
Linux,운영체제
macOS,운영체제
Network,네트워크
CISA,보안 및 인증
CISSP,보안 및 인증
Linux,운영체제
Windows,운영체제
Python,프로그래밍 언어
PHP,프로그래밍 언어
MySQL,데이터베이스
ELK,빅데이터
C#,프로그래밍 언어
Network,네트워크
DB,데이터베이스
IPS,보안 및 인증
Apache Tomcat,빅데이터
MariaDB,데이터베이스
OpenSSL,보안 및 인증
Apache HTTP Server,네트워크
PostgreSQL,데이터베이스
Linux,운영체제
DB,데이터베이스
SW,프로그래밍 관련 기술 및 개념
C,프로그래밍 언어
C#,프로그래밍 언어
C++,프로그래밍 언어
Linux,운영체제
Visual C++,프로그래밍 언어
MES,개발 방법론 및 프로세스
ERP,개발 방법론 및 프로세스
Java,프로그래밍 언어
JavaScript,프로그래밍 언어
AWS WAF,인프라
CISSP,보안 및 인증
CISA,보안 및 인증
CISA,보안 및 인증
CISSP,보안 및 인증
CISSP,보안 및 인증
CISA,보안 및 인증
ISMS,보안 및 인증
QA,테스트 도구
Selenium,데브옵스
Postman,테스트 도구
REST API,인프라
Notion,개발 도구
Slack,개발 도구
Kubernetes,인프라
K8S,데브옵스
Oracle,인프라
QA,테스트 도구
SW,프로그래밍 관련 기술 및 개념
FW,하드웨어
Jira,데브옵스
Python,프로그래밍 언어
Git,데브옵스
Selenium,데브옵스
Cypress,테스트 도구
Zephyr,테스트 도구
Fiddler,테스트 도구
QA,테스트 도구
QA,테스트 도구
Selenium,데브옵스
Postman,테스트 도구
QA,테스트 도구
SW,프로그래밍 관련 기술 및 개념
GitLab,데브옵스
QA,테스트 도구
SW,프로그래밍 관련 기술 및 개념
Git,데브옵스
PHP,프로그래밍 언어
JavaScript,프로그래밍 언어
MySQL,데이터베이스
Python,프로그래밍 언어
QA,테스트 도구
Python,프로그래밍 언어
AI,인공지능 및 블록체인 관련 개념
인공지능,인공지능 및 블록체인 관련 개념
C,프로그래밍 언어
C++,프로그래밍 언어
github,개발 도구
sw,프로그래밍 관련 기술 및 개념
qa,개발 도구
Jira,데브옵스
QA,테스트 도구
QA,테스트 도구
Embedded,하드웨어
QA,테스트 도구
java,프로그래밍 언어
microsoft office 365,개발 도구
SW,프로그래밍 관련 기술 및 개념
Verilog,프로그래밍 언어
EDA,개발 방법론 및 프로세스
ASIC,프로그래밍 관련 기술 및 개념
FPGA,프로그래밍 관련 기술 및 개념
Python,프로그래밍 언어
c++,프로그래밍 언어
c,프로그래밍 언어
Java,프로그래밍 언어
HW,하드웨어
C,프로그래밍 언어
C++,프로그래밍 언어
MCU,하드웨어
Embedded,하드웨어
PCB,하드웨어
HW,하드웨어
Embedded Linux,운영체제
HW,하드웨어
RF,개발 방법론 및 프로세스
PCB,하드웨어
HW,하드웨어
Switch,네트워크
C,프로그래밍 언어
C++,프로그래밍 언어
C#,프로그래밍 언어
Linux,운영체제
ROS,인공지능 및 블록체인 관련 개념
RTOS,운영체제
MATLAB,인공지능 및 블록체인 관련 개념
Embedded,하드웨어
HW,하드웨어
SW,프로그래밍 관련 기술 및 개념
FPGA,프로그래밍 관련 기술 및 개념
Verilog,프로그래밍 언어
Git,데브옵스
FW,하드웨어
HW,하드웨어
Java,프로그래밍 언어
JavaScript,프로그래밍 언어
Embedded,하드웨어
Embedded Linux,운영체제
C++,프로그래밍 언어
Node.js,프레임워크
FPGA,프로그래밍 관련 기술 및 개념
HW,하드웨어
MCU,하드웨어
ARM,하드웨어
Circuit design,개발 방법론 및 프로세스
PCB,하드웨어
Autocad,개발 도구
HW,하드웨어
HW,하드웨어
Solidworks,개발 방법론 및 프로세스
HW,하드웨어
FW,하드웨어
SMPS,하드웨어
HW,하드웨어
Orcad,개발 도구
PCB,하드웨어
Pads,개발 방법론 및 프로세스
Python,프로그래밍 언어
MATLAB,인공지능 및 블록체인 관련 개념
MCU,하드웨어
Pads,개발 방법론 및 프로세스
Orcad,개발 도구
Pads,개발 방법론 및 프로세스
SMPS,하드웨어
PCB,하드웨어
HW,하드웨어
MCU,하드웨어
HW,하드웨어
MCU,하드웨어
Orcad,개발 도구
Autocad,개발 도구
C#,프로그래밍 언어
.NET,프레임워크
MSSQL,데이터베이스
ASP.NET,프레임워크
SW,프로그래밍 관련 기술 및 개념
HW,하드웨어
FPGA,프로그래밍 관련 기술 및 개념
Embedded Linux,운영체제
C++,프로그래밍 언어
MQTT,인프라
Android OS,운영체제
Azure IoT Hub,인프라
MCU,하드웨어
C,프로그래밍 언어
FW,하드웨어
c,프로그래밍 언어
c++,프로그래밍 언어
verilog,하드웨어
shell,프로그래밍 언어
python,프로그래밍 언어
C,프로그래밍 언어
C++,프로그래밍 언어
Embedded,하드웨어
JavaScript,프로그래밍 언어
PHP,프로그래밍 언어
HW,하드웨어
Embedded,하드웨어
Analog,기타
FW,하드웨어
HW,하드웨어
Orcad,개발 도구
Pads,개발 방법론 및 프로세스
Orcad,개발 도구
Pads,개발 방법론 및 프로세스
SMPS,하드웨어
PCB,하드웨어
FW,하드웨어
HW,하드웨어
FPGA,프로그래밍 관련 기술 및 개념
VHDL,프로그래밍 언어
Verilog,프로그래밍 언어
FW,하드웨어
Embedded,하드웨어
FPGA,프로그래밍 관련 기술 및 개념
MCU,하드웨어
HW,하드웨어
Verilog,프로그래밍 언어
C,프로그래밍 언어
C++,프로그래밍 언어
Perl,프로그래밍 언어
HW,하드웨어
Embedded Linux,운영체제
HW,하드웨어
SW,프로그래밍 관련 기술 및 개념
HW,하드웨어
SW,프로그래밍 관련 기술 및 개념
Linux,운영체제
Embedded,하드웨어
C++,프로그래밍 언어
OpenCV,라이브러리
FFMPEG,라이브러리
HW,하드웨어
FW,하드웨어
HW,하드웨어
MCU,하드웨어
FW,하드웨어
C,프로그래밍 언어
C++,프로그래밍 언어
HW,하드웨어
HW,하드웨어
PCB,하드웨어
C,프로그래밍 언어
FW,하드웨어
FW,하드웨어
HW,하드웨어
Orcad,개발 도구
Embedded,하드웨어
FPGA,프로그래밍 관련 기술 및 개념
Embedded Linux,운영체제
HW,하드웨어
Embedded,하드웨어
Linux,운영체제
Oracle,인프라
FW,하드웨어
FPGA,프로그래밍 관련 기술 및 개념
Embedded Linux,운영체제
FPGA,프로그래밍 관련 기술 및 개념
HW,하드웨어
Orcad,개발 도구
C,프로그래밍 언어
C++,프로그래밍 언어
Embedded,하드웨어
FW,하드웨어
C,프로그래밍 언어
C++,프로그래밍 언어
Circuit design,개발 방법론 및 프로세스
HW,하드웨어
SW,프로그래밍 관련 기술 및 개념
C,프로그래밍 언어
HW,하드웨어
Verilog,프로그래밍 언어
FPGA,프로그래밍 관련 기술 및 개념
Orcad,개발 도구
Pads,개발 방법론 및 프로세스
PCB,하드웨어
Embedded,하드웨어
Azure IoT Hub,인프라
HW,하드웨어
FW,하드웨어
HW,하드웨어
C,프로그래밍 언어
ARM,하드웨어
Arduino,하드웨어
PCB,하드웨어
HW,하드웨어
FPGA,프로그래밍 관련 기술 및 개념
Orcad,개발 도구
HW,하드웨어
FW,하드웨어
HW,하드웨어
C,프로그래밍 언어
C++,프로그래밍 언어
FW,하드웨어
SW,프로그래밍 관련 기술 및 개념
HW,하드웨어
Embedded,하드웨어
C,프로그래밍 언어
C++,프로그래밍 언어
Python,프로그래밍 언어
HTML5,프로그래밍 언어
MCU,하드웨어
MATLAB,인공지능 및 블록체인 관련 개념
ROS,인공지능 및 블록체인 관련 개념
Rust,프로그래밍 언어
Embedded,하드웨어
HW,하드웨어
Pads,개발 방법론 및 프로세스
Orcad,개발 도구
HW,하드웨어
HW,하드웨어
hw,하드웨어
fw,하드웨어
orcad,개발 방법론 및 프로세스
pads,개발 방법론 및 프로세스
dm,기타
pci proxy,개발 도구
pcb,개발 방법론 및 프로세스
embedded,하드웨어
Embedded Linux,운영체제
C++,프로그래밍 언어
BigData,빅데이터
MSSQL,데이터베이스
Visual Studio,개발 도구
Delphi,프로그래밍 언어
C,프로그래밍 언어
C++,프로그래밍 언어
HW,하드웨어
Embedded,하드웨어
SW,프로그래밍 관련 기술 및 개념
HW,하드웨어
FW,하드웨어
C++,프로그래밍 언어
HW,하드웨어
FW,하드웨어
HW,하드웨어
RF,개발 방법론 및 프로세스
HW,하드웨어
FW,하드웨어
Orcad,개발 도구
C,프로그래밍 언어
C++,프로그래밍 언어
Embedded Linux,운영체제
RTOS,운영체제
FW,하드웨어
C,프로그래밍 언어
C++,프로그래밍 언어
Python,프로그래밍 언어
AWS,인프라
Embedded,하드웨어
Linux,운영체제
SW,프로그래밍 관련 기술 및 개념
iOS,운영체제
OpenCV,라이브러리
FW,하드웨어
C++,프로그래밍 언어
C,프로그래밍 언어
RTOS,운영체제
ethernet,네트워크
Embedded,하드웨어
C,프로그래밍 언어
C++,프로그래밍 언어
Embedded,하드웨어
FW,하드웨어
MCU,하드웨어
C#,프로그래밍 언어
PCB,하드웨어
HW,하드웨어
PLC,하드웨어
C,프로그래밍 언어
C++,프로그래밍 언어
Python,프로그래밍 언어
Java,프로그래밍 언어
JavaScript,프로그래밍 언어
React,라이브러리
SW,프로그래밍 관련 기술 및 개념
3D Rendering,프로그래밍 관련 기술 및 개념
C++,프로그래밍 언어
C++,프로그래밍 언어
Linux,운영체제
Python,프로그래밍 언어
Embedded,하드웨어
c,프로그래밍 언어
C,프로그래밍 언어
C++,프로그래밍 언어
Python,프로그래밍 언어
Java,프로그래밍 언어
JavaScript,프로그래밍 언어
React,라이브러리
C++,프로그래밍 언어
Java,프로그래밍 언어
Python,프로그래밍 언어
C#,프로그래밍 언어
Node.js,프레임워크
PyTorch,라이브러리
MongoDB,데이터베이스
C++,프로그래밍 언어
TypeScript,프로그래밍 언어
Rust,프로그래밍 언어
React,라이브러리
AZURE,인프라
ai,인공지능 및 블록체인 관련 개념
인공지능,인공지능 및 블록체인 관련 개념
machinelearning,인공지능 및 블록체인 관련 개념
c#,프로그래밍 언어
.net,프로그래밍 언어
C,프로그래밍 언어
C++,프로그래밍 언어
Java,프로그래밍 언어
SAP,라이브러리
ERP,개발 방법론 및 프로세스
SW,프로그래밍 관련 기술 및 개념
Linux,운영체제
Docker Compose,데브옵스
Python,프로그래밍 언어
Jira,데브옵스
Git,데브옵스
SW,프로그래밍 관련 기술 및 개념
C++,프로그래밍 언어
Windows,운영체제
Linux,운영체제
rpa,테스트 도구
python,프로그래밍 언어
java,프로그래밍 언어
C++,프로그래밍 언어
C#,프로그래밍 언어
Java,프로그래밍 언어
SQL,프로그래밍 언어
BigData,빅데이터
C++,프로그래밍 언어
C,프로그래밍 언어
SW,프로그래밍 관련 기술 및 개념
MCU,하드웨어
Embedded Linux,운영체제
GitHub,데브옵스
Qt,프레임워크
C++,프로그래밍 언어
C,프로그래밍 언어
SW,프로그래밍 관련 기술 및 개념
Embedded Linux,운영체제
GitHub,데브옵스
C,프로그래밍 언어
C++,프로그래밍 언어
C#,프로그래밍 언어
Linux,운영체제
ROS,인공지능 및 블록체인 관련 개념
RTOS,운영체제
MATLAB,인공지능 및 블록체인 관련 개념
Embedded,하드웨어
HW,하드웨어
SW,프로그래밍 관련 기술 및 개념
Python,프로그래밍 언어
C,프로그래밍 언어
Linux,운영체제
SW,프로그래밍 관련 기술 및 개념
MATLAB,인공지능 및 블록체인 관련 개념
C,프로그래밍 언어
C++,프로그래밍 언어
Python,프로그래밍 언어
AI,인공지능 및 블록체인 관련 개념
인공지능,인공지능 및 블록체인 관련 개념
SW,프로그래밍 관련 기술 및 개념
Linux,운영체제
C,프로그래밍 언어
C++,프로그래밍 언어
SW,프로그래밍 관련 기술 및 개념
C,프로그래밍 언어
C++,프로그래밍 언어
ROS,인공지능 및 블록체인 관련 개념
Linux,운영체제
Embedded,하드웨어
sw,프로그래밍 관련 기술 및 개념
SW,프로그래밍 관련 기술 및 개념
Visual Studio,개발 도구
Mfc,라이브러리
C#,프로그래밍 언어
SW,프로그래밍 관련 기술 및 개념
C,프로그래밍 언어
C++,프로그래밍 언어
Python,프로그래밍 언어
C++,프로그래밍 언어
C,프로그래밍 언어
DB,데이터베이스
RDB,데이터베이스
Python,프로그래밍 언어
NoSql,데이터베이스
Linux,운영체제
WebSocket,라이브러리
Git,데브옵스
Firewall,네트워크
Java,프로그래밍 언어
JavaScript,프로그래밍 언어
Embedded,하드웨어
Embedded Linux,운영체제
C++,프로그래밍 언어
Node.js,프레임워크
Linux,운영체제
Java,프로그래밍 언어
C,프로그래밍 언어
C++,프로그래밍 언어
Android OS,운영체제
C++,프로그래밍 언어
C#,프로그래밍 언어
Mfc,라이브러리
OpenCV,라이브러리
REST API,인프라
MySQL,데이터베이스
C++,프로그래밍 언어
SQL,프로그래밍 언어
Python,프로그래밍 언어
OpenSSL,보안 및 인증
GitLab,데브옵스
c,프로그래밍 언어
c++,프로그래밍 언어
Linux,운영체제
Android OS,운영체제
SW,프로그래밍 관련 기술 및 개념
Java,프로그래밍 언어
REST API,인프라
C,프로그래밍 언어
C++,프로그래밍 언어
Visual Studio,개발 도구
OpenGL,라이브러리
3D Rendering,프로그래밍 관련 기술 및 개념
2D Rendering,기타
DirectX,프로그래밍 관련 기술 및 개념
C++,프로그래밍 언어
Qt,프레임워크
Jira,데브옵스
CUDA,인공지능 및 블록체인 관련 개념
Visual Studio,개발 도구
ReSharper,개발 도구
TeamCity,테스트 도구
TestComplete,테스트 도구
Kotlin,프로그래밍 언어
Android OS,운영체제
AWS,인프라
SW,프로그래밍 관련 기술 및 개념
Jira,데브옵스
Confluence,데브옵스
Bitbucket,데브옵스
Linux,운영체제
Git,데브옵스
Apache Tomcat,빅데이터
Linux,운영체제
Windows Server,운영체제
OpenStack,인프라
MySQL,데이터베이스
Network,네트워크
MSSQL,데이터베이스
Oracle,인프라
SW,프로그래밍 관련 기술 및 개념
C,프로그래밍 언어
C++,프로그래밍 언어
FW,하드웨어
OpenStack,인프라
Linux,운영체제
C++,프로그래밍 언어
Python,프로그래밍 언어
C,프로그래밍 언어
SW,프로그래밍 관련 기술 및 개념
Embedded,하드웨어
SW,프로그래밍 관련 기술 및 개념
Windows,운영체제
Mfc,라이브러리
Qt,프레임워크
OpenGL,라이브러리
SAP,라이브러리
ABAP,프로그래밍 언어
ERP,개발 방법론 및 프로세스
SW,프로그래밍 관련 기술 및 개념
C#,프로그래밍 언어
.NET,프레임워크
MSSQL,데이터베이스
ASP.NET,프레임워크
SW,프로그래밍 관련 기술 및 개념
HW,하드웨어
C#,프로그래밍 언어
C++,프로그래밍 언어
Python,프로그래밍 언어
SW,프로그래밍 관련 기술 및 개념
C,프로그래밍 언어
labview,기타
C,프로그래밍 언어
C++,프로그래밍 언어
C#,프로그래밍 언어
TCP,네트워크
IP,네트워크
GUI,기타
Mfc,라이브러리
SW,프로그래밍 관련 기술 및 개념
GitLab,데브옵스
Unreal Engine,개발 도구
C++,프로그래밍 언어
C,프로그래밍 언어
MATLAB,인공지능 및 블록체인 관련 개념
Verilog,프로그래밍 언어
Verilog,프로그래밍 언어
WPF,프레임워크
C#,프로그래밍 언어
Visual Studio,개발 도구
C++,프로그래밍 언어
.NET,프레임워크
Git,데브옵스
Slack,개발 도구
Windows,운영체제
C,프로그래밍 언어
C++,프로그래밍 언어
Python,프로그래밍 언어
MachineLearning,인공지능 및 블록체인 관련 개념
AI,인공지능 및 블록체인 관련 개념
인공지능,인공지능 및 블록체인 관련 개념
C,프로그래밍 언어
Python,프로그래밍 언어
Linux,운영체제
.NET,프레임워크
WPF,프레임워크
ASP.NET,프레임워크
SW,프로그래밍 관련 기술 및 개념
C#,프로그래밍 언어
MES,개발 방법론 및 프로세스
C++,프로그래밍 언어
Visual Studio,개발 도구
OpenGL,라이브러리
Jira,데브옵스
Windows,운영체제
Git,데브옵스
C,프로그래밍 언어
.NET,프레임워크
WPF,프레임워크
ASP.NET,프레임워크
SW,프로그래밍 관련 기술 및 개념
C#,프로그래밍 언어
MES,개발 방법론 및 프로세스
C,프로그래밍 언어
C++,프로그래밍 언어
Scala,프로그래밍 언어
Haskell,프로그래밍 언어
F#,프로그래밍 언어
PyTorch,라이브러리
TensorFlow,라이브러리
DeepLearning,인공지능 및 블록체인 관련 개념
python,프로그래밍 언어
linux,운영체제
windows,운영체제
network,네트워크
sw,프로그래밍 관련 기술 및 개념
C,프로그래밍 언어
C++,프로그래밍 언어
SW,프로그래밍 관련 기술 및 개념
Python,프로그래밍 언어
C,프로그래밍 언어
C++,프로그래밍 언어
MATLAB,인공지능 및 블록체인 관련 개념
C,프로그래밍 언어
Java,프로그래밍 언어
Linux,운영체제
Network,네트워크
SW,프로그래밍 관련 기술 및 개념
Embedded,하드웨어
SW,프로그래밍 관련 기술 및 개념
C#,프로그래밍 언어
Unity,개발 도구
Git,데브옵스
WPF,프레임워크
C++,프로그래밍 언어
OpenGL,라이브러리
Visual Basic,프로그래밍 언어
Oracle,인프라
MySQL,데이터베이스
VBA,기타
C#,프로그래밍 언어
Java,프로그래밍 언어
Mfc,라이브러리
C++,프로그래밍 언어
OpenCV,라이브러리
SW,프로그래밍 관련 기술 및 개념
Windows,운영체제
Visual Studio,개발 도구
C,프로그래밍 언어
C++,프로그래밍 언어
Python,프로그래밍 언어
ROS,인공지능 및 블록체인 관련 개념
Linux,운영체제
Git,데브옵스
GitHub,데브옵스
C,프로그래밍 언어
C#,프로그래밍 언어
C++,프로그래밍 언어
SourceTree,개발 도구
Linux,운영체제
Eclipse,개발 도구
Argo,기타
Embedded,하드웨어
C,프로그래밍 언어
C++,프로그래밍 언어
SW,프로그래밍 관련 기술 및 개념
C#,프로그래밍 언어
MSSQL,데이터베이스
RDB,데이터베이스
MES,개발 방법론 및 프로세스
c,프로그래밍 언어
c++,프로그래밍 언어
sw,프로그래밍 관련 기술 및 개념
linux,운영체제
windows,운영체제
network,네트워크
C++,프로그래밍 언어
Qt,프레임워크
Electron,프레임워크
Amazon S3,인프라
Python,프로그래밍 언어
AI,인공지능 및 블록체인 관련 개념
인공지능,인공지능 및 블록체인 관련 개념
C,프로그래밍 언어
C++,프로그래밍 언어
Python,프로그래밍 언어
Linux,운영체제
Embedded,하드웨어
C,프로그래밍 언어
C++,프로그래밍 언어
SW,프로그래밍 관련 기술 및 개념
FW,하드웨어
github,개발 도구
sw,프로그래밍 관련 기술 및 개념
qa,개발 도구
Linux,운영체제
Windows,운영체제
C++,프로그래밍 언어
OpenCV,라이브러리
FFMPEG,라이브러리
C,프로그래밍 언어
C++,프로그래밍 언어
SW,프로그래밍 관련 기술 및 개념
C,프로그래밍 언어
C++,프로그래밍 언어
Linux,운영체제
Qt,프레임워크
Socket.IO,네트워크
Visual Studio Code,개발 도구
Ubuntu,운영체제
Unity,개발 도구
C#,프로그래밍 언어
Git,데브옵스
Unreal Engine,개발 도구
C++,프로그래밍 언어
C++,프로그래밍 언어
C#,프로그래밍 언어
Qt,프레임워크
ethernet,네트워크
WPF,프레임워크
Linux,운영체제
C,프로그래밍 언어
Ubuntu,운영체제
C,프로그래밍 언어
Embedded,하드웨어
SW,프로그래밍 관련 기술 및 개념
Linux,운영체제
Android OS,운영체제
C++,프로그래밍 언어
Java,프로그래밍 언어
Embedded Linux,운영체제
Linux,운영체제
Embedded,하드웨어
SW,프로그래밍 관련 기술 및 개념
C,프로그래밍 언어
C++,프로그래밍 언어
Ubuntu,운영체제
Git,데브옵스
Java,프로그래밍 언어
FW,하드웨어
Qt,프레임워크
C++,프로그래밍 언어
C#,프로그래밍 언어
OpenCV,라이브러리
SW,프로그래밍 관련 기술 및 개념
Backendless,네트워크
ASP.NET,프레임워크
MSSQL,데이터베이스
Git,데브옵스
ERP,개발 방법론 및 프로세스
MES,개발 방법론 및 프로세스
C#,프로그래밍 언어
.NET,프레임워크
C,프로그래밍 언어
SW,프로그래밍 관련 기술 및 개념
deeplearning,인공지능 및 블록체인 관련 개념
c,프로그래밍 언어
c++,프로그래밍 언어
qt,프레임워크
opencv,라이브러리
c#,프로그래밍 언어
wpf,프레임워크
SW,프로그래밍 관련 기술 및 개념
C,프로그래밍 언어
C++,프로그래밍 언어
Vb.net,프레임워크
C#,프로그래밍 언어
SW,프로그래밍 관련 기술 및 개념
Python,프로그래밍 언어
C,프로그래밍 언어
C++,프로그래밍 언어
C#,프로그래밍 언어
.NET,프레임워크
Qt,프레임워크
C++,프로그래밍 언어
OpenGL,라이브러리
Python,프로그래밍 언어
SW,프로그래밍 관련 기술 및 개념
Windows,운영체제
Linux,운영체제
macOS,운영체제
ABAP,프로그래밍 언어
MySQL,데이터베이스
SW,프로그래밍 관련 기술 및 개념
C++,프로그래밍 언어
Embedded,하드웨어
C,프로그래밍 언어
Mfc,라이브러리
Java,프로그래밍 언어
Python,프로그래밍 언어
C#,프로그래밍 언어
C#,프로그래밍 언어
C++,프로그래밍 언어
Mfc,라이브러리
MachineLearning,인공지능 및 블록체인 관련 개념
SW,프로그래밍 관련 기술 및 개념
.NET,프레임워크
OpenGL,라이브러리
MySQL,데이터베이스
MSSQL,데이터베이스
TCP,네트워크
IP,네트워크
C,프로그래밍 언어
C++,프로그래밍 언어
C#,프로그래밍 언어
Mfc,라이브러리
C++,프로그래밍 언어
Mfc,라이브러리
SW,프로그래밍 관련 기술 및 개념
Embedded,하드웨어
C,프로그래밍 언어
SW,프로그래밍 관련 기술 및 개념
SAP,라이브러리
ABAP,프로그래밍 언어
ERP,개발 방법론 및 프로세스
SW,프로그래밍 관련 기술 및 개념
Java,프로그래밍 언어
Spring Boot,프레임워크
Python,프로그래밍 언어
MATLAB,인공지능 및 블록체인 관련 개념
GitHub,데브옵스
Git,데브옵스
Docker,데브옵스
RDB,데이터베이스
C,프로그래밍 언어
C++,프로그래밍 언어
Slack,개발 도구
C#,프로그래밍 언어
C++,프로그래밍 언어
Mfc,라이브러리
.NET,프레임워크
WPF,프레임워크
SW,프로그래밍 관련 기술 및 개념
Embedded Linux,운영체제
C,프로그래밍 언어
C++,프로그래밍 언어
TCP,네트워크
IP,네트워크
Shell,프로그래밍 언어
HTML5,프로그래밍 언어
JsonAPI,네트워크
SW,프로그래밍 관련 기술 및 개념
REST API,인프라
SW,프로그래밍 관련 기술 및 개념
HW,하드웨어
SAP,라이브러리
ABAP,프로그래밍 언어
SW,프로그래밍 관련 기술 및 개념
ERP,개발 방법론 및 프로세스
SAP,라이브러리
ABAP,프로그래밍 언어
ERP,개발 방법론 및 프로세스
SW,프로그래밍 관련 기술 및 개념
SAP,라이브러리
ABAP,프로그래밍 언어
SW,프로그래밍 관련 기술 및 개념
Java,프로그래밍 언어
Spring,프레임워크
JSP,프로그래밍 언어
jQuery,라이브러리
Oracle,인프라
MSSQL,데이터베이스
ERP,개발 방법론 및 프로세스
SW,프로그래밍 관련 기술 및 개념
C++,프로그래밍 언어
Lua,프로그래밍 언어
BigData,빅데이터
C#,프로그래밍 언어
Java,프로그래밍 언어
C,프로그래밍 언어
C++,프로그래밍 언어
Python,프로그래밍 언어
SW,프로그래밍 관련 기술 및 개념
C#,프로그래밍 언어
C++,프로그래밍 언어
C,프로그래밍 언어
Embedded Linux,운영체제
FW,하드웨어
SW,프로그래밍 관련 기술 및 개념
Embedded,하드웨어
Visual Studio,개발 도구
Mfc,라이브러리
C#,프로그래밍 언어
SW,프로그래밍 관련 기술 및 개념
C,프로그래밍 언어
C++,프로그래밍 언어
FW,하드웨어
SW,프로그래밍 관련 기술 및 개념
HW,하드웨어
Embedded,하드웨어
MATLAB,인공지능 및 블록체인 관련 개념
Python,프로그래밍 언어
labview,기타
SW,프로그래밍 관련 기술 및 개념
C#,프로그래밍 언어
C++,프로그래밍 언어
Linux,운영체제
RDB,데이터베이스
C,프로그래밍 언어
C++,프로그래밍 언어
Python,프로그래밍 언어
HTML5,프로그래밍 언어
MCU,하드웨어
MATLAB,인공지능 및 블록체인 관련 개념
ROS,인공지능 및 블록체인 관련 개념
Rust,프로그래밍 언어
Embedded,하드웨어
HW,하드웨어
C,프로그래밍 언어
C++,프로그래밍 언어
Python,프로그래밍 언어
Java,프로그래밍 언어
Qt,프레임워크
C#,프로그래밍 언어
Visual C++,프로그래밍 언어
Linux,운영체제
Android OS,운영체제
RTOS,운영체제
C#,프로그래밍 언어
C++,프로그래밍 언어
C,프로그래밍 언어
MySQL,데이터베이스
MSSQL,데이터베이스
SQL,프로그래밍 언어
C++,프로그래밍 언어
C#,프로그래밍 언어
SW,프로그래밍 관련 기술 및 개념
CUDA,인공지능 및 블록체인 관련 개념
C++,프로그래밍 언어
C#,프로그래밍 언어
Mfc,라이브러리
DB,데이터베이스
WPF,프레임워크
SW,프로그래밍 관련 기술 및 개념
Network,네트워크
SQL,프로그래밍 언어
Windows,운영체제
Linux,운영체제
MSSQL,데이터베이스
C#,프로그래밍 언어
WPF,프레임워크
Notion,개발 도구
C,프로그래밍 언어
MySQL,데이터베이스
C++,프로그래밍 언어
Git,데브옵스
RPA,하드웨어
Java,프로그래밍 언어
JavaScript,프로그래밍 언어
C#,프로그래밍 언어
C,프로그래밍 언어
C++,프로그래밍 언어
HW,하드웨어
Embedded,하드웨어
SW,프로그래밍 관련 기술 및 개념
Visual C++,프로그래밍 언어
C,프로그래밍 언어
C++,프로그래밍 언어
MATLAB,인공지능 및 블록체인 관련 개념
SW,프로그래밍 관련 기술 및 개념
MCU,하드웨어
RTOS,운영체제
Embedded Linux,운영체제
C,프로그래밍 언어
C++,프로그래밍 언어
ARM,하드웨어
SW,프로그래밍 관련 기술 및 개념
C++,프로그래밍 언어
Docker,데브옵스
C,프로그래밍 언어
C,프로그래밍 언어
C++,프로그래밍 언어
Embedded Linux,운영체제
Linux,운영체제
C,프로그래밍 언어
C++,프로그래밍 언어
Linux,운영체제
RTOS,운영체제
FW,하드웨어
SW,프로그래밍 관련 기술 및 개념
FW,하드웨어
C,프로그래밍 언어
SW,프로그래밍 관련 기술 및 개념
c#,프로그래밍 언어
c++,프로그래밍 언어
Mfc,라이브러리
C#,프로그래밍 언어
.NET,프레임워크
VBA,기타
C,프로그래밍 언어
C++,프로그래밍 언어
MATLAB,인공지능 및 블록체인 관련 개념
ROS,인공지능 및 블록체인 관련 개념
C,프로그래밍 언어
C++,프로그래밍 언어
Python,프로그래밍 언어
AWS,인프라
Embedded,하드웨어
Linux,운영체제
SW,프로그래밍 관련 기술 및 개념
iOS,운영체제
OpenCV,라이브러리
FW,하드웨어
SW,프로그래밍 관련 기술 및 개념
C,프로그래밍 언어
C++,프로그래밍 언어
ARM,하드웨어
C,프로그래밍 언어
C++,프로그래밍 언어
Python,프로그래밍 언어
SPICE,기타
EDA,개발 방법론 및 프로세스
C++,프로그래밍 언어
C,프로그래밍 언어
Python,프로그래밍 언어
SW,프로그래밍 관련 기술 및 개념
DeepLearning,인공지능 및 블록체인 관련 개념
C++,프로그래밍 언어
SW,프로그래밍 관련 기술 및 개념
ABAP,프로그래밍 언어
ERP,개발 방법론 및 프로세스
SAP,라이브러리
FW,하드웨어
JavaScript,프로그래밍 언어
HTML5,프로그래밍 언어
CSS 3,프로그래밍 언어
JSP,프로그래밍 언어
Figma,개발 도구
HTML5,프로그래밍 언어
CSS 3,프로그래밍 언어
SCSS,프로그래밍 언어
JavaScript,프로그래밍 언어
React,라이브러리
HTML5,프로그래밍 언어
CSS 3,프로그래밍 언어
SCSS,프로그래밍 언어
JavaScript,프로그래밍 언어
jQuery,라이브러리
Java,프로그래밍 언어
WordPress,개발 도구
WooCommerce,기타
CSS 3,프로그래밍 언어
JavaScript,프로그래밍 언어
React,라이브러리
HTML5,프로그래밍 언어
Git,데브옵스
PyTorch,라이브러리
MachineLearning,인공지능 및 블록체인 관련 개념
DeepLearning,인공지능 및 블록체인 관련 개념
AI,인공지능 및 블록체인 관련 개념
인공지능,인공지능 및 블록체인 관련 개념
Docker,데브옵스
Unity,개발 도구
C#,프로그래밍 언어
Unreal Engine,개발 도구
AR,프로그래밍 관련 기술 및 개념
VR,프로그래밍 관련 기술 및 개념
C++,프로그래밍 언어
AI,인공지능 및 블록체인 관련 개념
인공지능,인공지능 및 블록체인 관련 개념
OpenCV,라이브러리
MachineLearning,인공지능 및 블록체인 관련 개념
C++,프로그래밍 언어
Unreal Engine,개발 도구
Blockchain,개발 방법론 및 프로세스
Blockchain,개발 방법론 및 프로세스
Go,프로그래밍 언어
MySQL,데이터베이스
AZURE,인프라
Git,데브옵스
Slack,개발 도구
Notion,개발 도구
Jira,데브옵스
TypeScript,프로그래밍 언어
Solidity,인공지능 및 블록체인 관련 개념
Blockchain,개발 방법론 및 프로세스
Smartcontract,개발 방법론 및 프로세스
Linux,운영체제
AWS,인프라
GCP,인프라
blockchain,인공지능 및 블록체인 관련 개념
Azure CDN,인프라
Network,네트워크
Linux,운영체제
CloudFlare,인프라
Java,프로그래밍 언어
Windows,운영체제
Linux,운영체제
Docker,데브옵스
Python,프로그래밍 언어
Network,네트워크
Linux,운영체제
Windows,운영체제
Unity,개발 도구
C#,프로그래밍 언어
Linux,운영체제
CentOS,운영체제
SW,프로그래밍 관련 기술 및 개념
Windows Server,운영체제
vmware,인프라
XenServer,인프라
Windows,운영체제
Cisco,네트워크
Network,네트워크
sw,프로그래밍 관련 기술 및 개념
Oracle,인프라
Linux,운영체제
RDB,데이터베이스
MariaDB,데이터베이스
Network,네트워크
TCP,네트워크
IP,네트워크
OpenStack,인프라
Linux,운영체제
Linux,운영체제
DB,데이터베이스
Linux,운영체제
Network,네트워크
OpenStack,인프라
Linux,운영체제
CentOS,운영체제
Docker,데브옵스
Network,네트워크
Linux,운영체제
Windows,운영체제
SW,프로그래밍 관련 기술 및 개념
ABAP,프로그래밍 언어
MySQL,데이터베이스
SW,프로그래밍 관련 기술 및 개념
JavaScript,프로그래밍 언어
TypeScript,프로그래밍 언어
HTML5,프로그래밍 언어
CSS 3,프로그래밍 언어
React,라이브러리
GCP,인프라
AWS,인프라
Windows Server,운영체제
Microsoft Excel,개발 도구
Orcad,개발 도구
Pads,개발 방법론 및 프로세스
SMPS,하드웨어
PCB,하드웨어
FW,하드웨어
HW,하드웨어
C,프로그래밍 언어
C++,프로그래밍 언어
Java,프로그래밍 언어
Linux,운영체제
SW,프로그래밍 관련 기술 및 개념
Network,네트워크
TCP,네트워크
IP,네트워크
Linux,운영체제
ethernet,네트워크
Java,프로그래밍 언어
ABAP,프로그래밍 언어
.NET,프레임워크
ERP,개발 방법론 및 프로세스
Network,네트워크
Microsoft Office 365,개발 도구
TCP,네트워크
IP,네트워크
embedded,하드웨어
linux,운영체제
C,프로그래밍 언어
C++,프로그래밍 언어
MATLAB,인공지능 및 블록체인 관련 개념
ROS,인공지능 및 블록체인 관련 개념
Embedded,하드웨어
QA,테스트 도구
PLC,하드웨어
Network,네트워크
Switch,네트워크
Router,네트워크
Linux,운영체제
Network,네트워크
Network,네트워크
Router,네트워크
JavaScript,프로그래밍 언어
TypeScript,프로그래밍 언어
C++,프로그래밍 언어
AWS,인프라
Linux,운영체제
NoSql,데이터베이스
MariaDB,데이터베이스
Python,프로그래밍 언어
JavaScript,프로그래밍 언어
TypeScript,프로그래밍 언어
C++,프로그래밍 언어
AWS,인프라
Linux,운영체제
NoSql,데이터베이스
MariaDB,데이터베이스
Python,프로그래밍 언어
React,라이브러리
Vue.js,프레임워크
JavaScript,프로그래밍 언어
TypeScript,프로그래밍 언어
HTML5,프로그래밍 언어
CSS 3,프로그래밍 언어
Webpack,개발 도구
React,라이브러리
Vue.js,프레임워크
JavaScript,프로그래밍 언어
TypeScript,프로그래밍 언어
HTML5,프로그래밍 언어
CSS 3,프로그래밍 언어
Webpack,개발 도구
HTML5,프로그래밍 언어
CSS 3,프로그래밍 언어
JavaScript,프로그래밍 언어
React,라이브러리
AngularJS,프레임워크
NoSql,데이터베이스
REST API,인프라
HTML5,프로그래밍 언어
CSS 3,프로그래밍 언어
JavaScript,프로그래밍 언어
React,라이브러리
AngularJS,프레임워크
NoSql,데이터베이스
REST API,인프라
Vue.js,프레임워크
JavaScript,프로그래밍 언어
CSS 3,프로그래밍 언어
HTML5,프로그래밍 언어
REST API,인프라
NGINX,인프라
OAuth2,보안 및 인증
Vue.js,프레임워크
JavaScript,프로그래밍 언어
CSS 3,프로그래밍 언어
HTML5,프로그래밍 언어
REST API,인프라
NGINX,인프라
OAuth2,보안 및 인증
CISA,보안 및 인증
CISSP,보안 및 인증
CISA,보안 및 인증
CISSP,보안 및 인증
SAP,라이브러리
ERP,개발 방법론 및 프로세스
SQL,프로그래밍 언어
Network,네트워크
SAP,라이브러리
ERP,개발 방법론 및 프로세스
SQL,프로그래밍 언어
Network,네트워크
C++,프로그래밍 언어
.NET,프레임워크
OpenCV,라이브러리
DICOM,네트워크
AR,프로그래밍 관련 기술 및 개념
VR,프로그래밍 관련 기술 및 개념
C++,프로그래밍 언어
.NET,프레임워크
OpenCV,라이브러리
DICOM,네트워크
AR,프로그래밍 관련 기술 및 개념
VR,프로그래밍 관련 기술 및 개념
C,프로그래밍 언어
C++,프로그래밍 언어
Linux,운영체제
SW,프로그래밍 관련 기술 및 개념
C,프로그래밍 언어
C++,프로그래밍 언어
Linux,운영체제
SW,프로그래밍 관련 기술 및 개념
